entity,code,year,reported_cases,reported_deaths,cfr_percent,deaths_exceed_cases,zero_cases_with_deaths,zero_cases,small_outbreak,very_small_outbreak,cfr_over_100
Afghanistan,AFG,1995,19903,624,3.1352057478772046,FALSE,FALSE,FALSE,FALSE,FALSE,FALSE
Afghanistan,AFG,1997,4170,125,2.997601918465228,FALSE,FALSE,FALSE,FALSE,FALSE,FALSE
Afghanistan,AFG,1998,10000,0,0,FALSE,FALSE,FALSE,FALSE,FALSE,FALSE
Afghanistan,AFG,1999,24639,152,0.6169081537400056,FALSE,FALSE,FALSE,FALSE,FALSE,FALSE
Afghanistan,AFG,2000,4330,198,4.572748267898383,FALSE,FALSE,FALSE,FALSE,FALSE,FALSE
Afghanistan,AFG,2001,4499,114,2.533896421426984,FALSE,FALSE,FALSE,FALSE,FALSE,FALSE
Afghanistan,AFG,2003,41,7,17.073170731707318,FALSE,FALSE,FALSE,TRUE,FALSE,FALSE
Afghanistan,AFG,2005,33,0,0,FALSE,FALSE,FALSE,TRUE,FALSE,FALSE
Afghanistan,AFG,2008,4384,22,0.5018248175182481,FALSE,FALSE,FALSE,FALSE,FALSE,FALSE
Afghanistan,AFG,2009,662,11,1.661631419939577,FALSE,FALSE,FALSE,FALSE,FALSE,FALSE
Afghanistan,AFG,2010,2369,10,0.42211903756859437,FALSE,FALSE,FALSE,FALSE,FALSE,FALSE
Afghanistan,AFG,2011,3733,44,1.1786766675596034,FALSE,FALSE,FALSE,FALSE,FALSE,FALSE
Afghanistan,AFG,2012,12,0,0,FALSE,FALSE,FALSE,TRUE,FALSE,FALSE
Afghanistan,AFG,2013,3957,14,0.3538033864038413,FALSE,FALSE,FALSE,FALSE,FALSE,FALSE
Afghanistan,AFG,2014,45481,4,0.0087948813790374,FALSE,FALSE,FALSE,FALSE,FALSE,FALSE
Afghanistan,AFG,2015,58064,8,0.013777900248002205,FALSE,FALSE,FALSE,FALSE,FALSE,FALSE
Afghanistan,AFG,2016,677,5,0.7385524372230429,FALSE,FALSE,FALSE,FALSE,FALSE,FALSE
Afghanistan,AFG,2017,33,1,3.0303030303030303,FALSE,FALSE,FALSE,TRUE,FALSE,FALSE
Afghanistan,AFG,2019,2,0,0,FALSE,FALSE,FALSE,TRUE,TRUE,FALSE
Afghanistan,AFG,1993,37046,931,2.51309183177671,FALSE,FALSE,FALSE,FALSE,FALSE,FALSE
Afghanistan,AFG,1994,38735,118,0.3046340518910546,FALSE,FALSE,FALSE,FALSE,FALSE,FALSE
Afghanistan,AFG,1960,887,199,22.435174746335964,FALSE,FALSE,FALSE,FALSE,FALSE,FALSE
Afghanistan,AFG,1965,218,55,25.229357798165136,FALSE,FALSE,FALSE,FALSE,FALSE,FALSE
Albania,ALB,1994,626,25,3.9936102236421727,FALSE,FALSE,FALSE,FALSE,FALSE,FALSE
Algeria,DZA,1980,614,18,2.9315960912052117,FALSE,FALSE,FALSE,FALSE,FALSE,FALSE
Algeria,DZA,1983,218,9,4.128440366972477,FALSE,FALSE,FALSE,FALSE,FALSE,FALSE
Algeria,DZA,1984,45,0,0,FALSE,FALSE,FALSE,TRUE,FALSE,FALSE
Algeria,DZA,1987,1507,0,0,FALSE,FALSE,FALSE,FALSE,FALSE,FALSE
Algeria,DZA,1988,699,30,4.291845493562231,FALSE,FALSE,FALSE,FALSE,FALSE,FALSE
Algeria,DZA,1989,393,0,0,FALSE,FALSE,FALSE,FALSE,FALSE,FALSE
Algeria,DZA,1990,1299,20,1.539645881447267,FALSE,FALSE,FALSE,FALSE,FALSE,FALSE
Algeria,DZA,1992,69,0,0,FALSE,FALSE,FALSE,TRUE,FALSE,FALSE
Algeria,DZA,1994,118,4,3.389830508474576,FALSE,FALSE,FALSE,FALSE,FALSE,FALSE
Algeria,DZA,2005,0,0,NA,FALSE,FALSE,TRUE,FALSE,FALSE,NA
Algeria,DZA,2006,0,0,NA,FALSE,FALSE,TRUE,FALSE,FALSE,NA
Algeria,DZA,1971,1332,110,8.258258258258259,FALSE,FALSE,FALSE,FALSE,FALSE,FALSE
Algeria,DZA,1972,646,71,10.990712074303406,FALSE,FALSE,FALSE,FALSE,FALSE,FALSE
Algeria,DZA,1973,605,74,12.231404958677686,FALSE,FALSE,FALSE,FALSE,FALSE,FALSE
Algeria,DZA,1974,738,50,6.775067750677507,FALSE,FALSE,FALSE,FALSE,FALSE,FALSE
Algeria,DZA,1975,1165,118,10.128755364806867,FALSE,FALSE,FALSE,FALSE,FALSE,FALSE
Algeria,DZA,1976,286,30,10.48951048951049,FALSE,FALSE,FALSE,FALSE,FALSE,FALSE
Algeria,DZA,1977,262,9,3.435114503816794,FALSE,FALSE,FALSE,FALSE,FALSE,FALSE
Algeria,DZA,1978,220,13,5.909090909090909,FALSE,FALSE,FALSE,FALSE,FALSE,FALSE
Algeria,DZA,1979,2513,94,3.740549144448866,FALSE,FALSE,FALSE,FALSE,FALSE,FALSE
Angola,AGO,1987,16222,1403,8.648748612994698,FALSE,FALSE,FALSE,FALSE,FALSE,FALSE
Angola,AGO,1988,15500,1542,9.948387096774194,FALSE,FALSE,FALSE,FALSE,FALSE,FALSE
Angola,AGO,1989,17601,925,5.255383216862678,FALSE,FALSE,FALSE,FALSE,FALSE,FALSE
Angola,AGO,1991,8590,582,6.775320139697323,FALSE,FALSE,FALSE,FALSE,FALSE,FALSE
Angola,AGO,1992,3608,184,5.099778270509978,FALSE,FALSE,FALSE,FALSE,FALSE,FALSE
Angola,AGO,1994,3443,187,5.431309904153355,FALSE,FALSE,FALSE,FALSE,FALSE,FALSE
Angola,AGO,1995,3295,248,7.526555386949924,FALSE,FALSE,FALSE,FALSE,FALSE,FALSE
Angola,AGO,1996,1306,42,3.215926493108729,FALSE,FALSE,FALSE,FALSE,FALSE,FALSE
Angola,AGO,2005,0,0,NA,FALSE,FALSE,TRUE,FALSE,FALSE,NA
Angola,AGO,2006,67257,2722,4.047162377150334,FALSE,FALSE,FALSE,FALSE,FALSE,FALSE
Angola,AGO,2007,18422,513,2.7847139289979372,FALSE,FALSE,FALSE,FALSE,FALSE,FALSE
Angola,AGO,2008,10511,243,2.31186376177338,FALSE,FALSE,FALSE,FALSE,FALSE,FALSE
Angola,AGO,2009,2019,88,4.358593363051015,FALSE,FALSE,FALSE,FALSE,FALSE,FALSE
Angola,AGO,2010,1484,30,2.0215633423180592,FALSE,FALSE,FALSE,FALSE,FALSE,FALSE
Angola,AGO,2011,1810,110,6.077348066298343,FALSE,FALSE,FALSE,FALSE,FALSE,FALSE
Angola,AGO,2012,1215,98,8.065843621399177,FALSE,FALSE,FALSE,FALSE,FALSE,FALSE
Angola,AGO,2013,6655,86,1.2922614575507136,FALSE,FALSE,FALSE,FALSE,FALSE,FALSE
Angola,AGO,2014,213,3,1.408450704225352,FALSE,FALSE,FALSE,FALSE,FALSE,FALSE
Angola,AGO,2016,78,3,3.8461538461538463,FALSE,FALSE,FALSE,TRUE,FALSE,FALSE
Angola,AGO,2017,828,43,5.193236714975845,FALSE,FALSE,FALSE,FALSE,FALSE,FALSE
Angola,AGO,2018,1546,25,1.6170763260025873,FALSE,FALSE,FALSE,FALSE,FALSE,FALSE
Angola,AGO,1990,9527,809,8.491655295476015,FALSE,FALSE,FALSE,FALSE,FALSE,FALSE
Angola,AGO,1972,268,24,8.955223880597014,FALSE,FALSE,FALSE,FALSE,FALSE,FALSE
Angola,AGO,1973,263,9,3.4220532319391634,FALSE,FALSE,FALSE,FALSE,FALSE,FALSE
Angola,AGO,1974,934,34,3.640256959314775,FALSE,FALSE,FALSE,FALSE,FALSE,FALSE
Angola,AGO,1975,88,4,4.545454545454546,FALSE,FALSE,FALSE,TRUE,FALSE,FALSE
Angola,AGO,1977,726,31,4.2699724517906334,FALSE,FALSE,FALSE,FALSE,FALSE,FALSE
Argentina,ARG,1993,2350,34,1.446808510638298,FALSE,FALSE,FALSE,FALSE,FALSE,FALSE
Argentina,ARG,1994,889,15,1.687289088863892,FALSE,FALSE,FALSE,FALSE,FALSE,FALSE
Argentina,ARG,1995,188,1,0.5319148936170213,FALSE,FALSE,FALSE,FALSE,FALSE,FALSE
Argentina,ARG,1996,474,5,1.0548523206751055,FALSE,FALSE,FALSE,FALSE,FALSE,FALSE
Argentina,ARG,1997,637,12,1.8838304552590266,FALSE,FALSE,FALSE,FALSE,FALSE,FALSE
Argentina,ARG,1998,12,0,0,FALSE,FALSE,FALSE,TRUE,FALSE,FALSE
Armenia,ARM,1998,25,0,0,FALSE,FALSE,FALSE,TRUE,FALSE,FALSE
Australia,AUS,1980,2,0,0,FALSE,FALSE,FALSE,TRUE,TRUE,FALSE
Australia,AUS,1981,2,0,0,FALSE,FALSE,FALSE,TRUE,TRUE,FALSE
Australia,AUS,1982,1,0,0,FALSE,FALSE,FALSE,TRUE,TRUE,FALSE
Australia,AUS,1983,4,0,0,FALSE,FALSE,FALSE,TRUE,TRUE,FALSE
Australia,AUS,1984,1,0,0,FALSE,FALSE,FALSE,TRUE,TRUE,FALSE
Australia,AUS,1985,2,0,0,FALSE,FALSE,FALSE,TRUE,TRUE,FALSE
Australia,AUS,1987,1,0,0,FALSE,FALSE,FALSE,TRUE,TRUE,FALSE
Australia,AUS,1988,1,0,0,FALSE,FALSE,FALSE,TRUE,TRUE,FALSE
Australia,AUS,1992,3,0,0,FALSE,FALSE,FALSE,TRUE,TRUE,FALSE
Australia,AUS,1993,5,0,0,FALSE,FALSE,FALSE,TRUE,TRUE,FALSE
Australia,AUS,1994,3,0,0,FALSE,FALSE,FALSE,TRUE,TRUE,FALSE
Australia,AUS,1995,5,0,0,FALSE,FALSE,FALSE,TRUE,TRUE,FALSE
Australia,AUS,1996,2,0,0,FALSE,FALSE,FALSE,TRUE,TRUE,FALSE
Australia,AUS,1997,2,0,0,FALSE,FALSE,FALSE,TRUE,TRUE,FALSE
Australia,AUS,1999,4,0,0,FALSE,FALSE,FALSE,TRUE,TRUE,FALSE
Australia,AUS,2004,2,0,0,FALSE,FALSE,FALSE,TRUE,TRUE,FALSE
Australia,AUS,2005,2,0,0,FALSE,FALSE,FALSE,TRUE,TRUE,FALSE
Australia,AUS,2006,3,0,0,FALSE,FALSE,FALSE,TRUE,TRUE,FALSE
Australia,AUS,2007,3,0,0,FALSE,FALSE,FALSE,TRUE,TRUE,FALSE
Australia,AUS,2010,3,0,0,FALSE,FALSE,FALSE,TRUE,TRUE,FALSE
Australia,AUS,2011,6,0,0,FALSE,FALSE,FALSE,TRUE,TRUE,FALSE
Australia,AUS,2012,5,0,0,FALSE,FALSE,FALSE,TRUE,TRUE,FALSE
Australia,AUS,2013,3,0,0,FALSE,FALSE,FALSE,TRUE,TRUE,FALSE
Australia,AUS,2014,2,0,0,FALSE,FALSE,FALSE,TRUE,TRUE,FALSE
Australia,AUS,2016,1,0,0,FALSE,FALSE,FALSE,TRUE,TRUE,FALSE
Australia,AUS,2017,3,0,0,FALSE,FALSE,FALSE,TRUE,TRUE,FALSE
Australia,AUS,2019,2,0,0,FALSE,FALSE,FALSE,TRUE,TRUE,FALSE
Australia,AUS,1972,40,0,0,FALSE,FALSE,FALSE,TRUE,FALSE,FALSE
Australia,AUS,1977,2,0,0,FALSE,FALSE,FALSE,TRUE,TRUE,FALSE
Australia,AUS,1978,1,0,0,FALSE,FALSE,FALSE,TRUE,TRUE,FALSE
Australia,AUS,1979,1,0,0,FALSE,FALSE,FALSE,TRUE,TRUE,FALSE
Austria,AUT,1990,2,0,0,FALSE,FALSE,FALSE,TRUE,TRUE,FALSE
Austria,AUT,1993,1,0,0,FALSE,FALSE,FALSE,TRUE,TRUE,FALSE
Austria,AUT,1994,1,0,0,FALSE,FALSE,FALSE,TRUE,TRUE,FALSE
Austria,AUT,1996,1,0,0,FALSE,FALSE,FALSE,TRUE,TRUE,FALSE
Austria,AUT,1999,1,0,0,FALSE,FALSE,FALSE,TRUE,TRUE,FALSE
Austria,AUT,2005,1,0,0,FALSE,FALSE,FALSE,TRUE,TRUE,FALSE
Azerbaijan,AZE,1994,18,0,0,FALSE,FALSE,FALSE,TRUE,FALSE,FALSE
Bahamas,BHS,2012,1,0,0,FALSE,FALSE,FALSE,TRUE,TRUE,FALSE
Bahrain,BHR,2015,8,0,0,FALSE,FALSE,FALSE,TRUE,TRUE,FALSE
Bahrain,BHR,2021,2,0,0,FALSE,FALSE,FALSE,TRUE,TRUE,FALSE
Bahrain,BHR,1965,1,0,0,FALSE,FALSE,FALSE,TRUE,TRUE,FALSE
Bahrain,BHR,1972,74,4,5.405405405405405,FALSE,FALSE,FALSE,TRUE,FALSE,FALSE
Bahrain,BHR,1973,37,0,0,FALSE,FALSE,FALSE,TRUE,FALSE,FALSE
Bahrain,BHR,1978,906,2,0.22075055187637968,FALSE,FALSE,FALSE,FALSE,FALSE,FALSE
Bahrain,BHR,1979,39,0,0,FALSE,FALSE,FALSE,TRUE,FALSE,FALSE
Bangladesh,BGD,1987,523,23,4.397705544933078,FALSE,FALSE,FALSE,FALSE,FALSE,FALSE
Bangladesh,BGD,1988,571,43,7.530647985989492,FALSE,FALSE,FALSE,FALSE,FALSE,FALSE
Bangladesh,BGD,1989,94,2,2.127659574468085,FALSE,FALSE,FALSE,TRUE,FALSE,FALSE
Bangladesh,BGD,1990,82,4,4.878048780487805,FALSE,FALSE,FALSE,TRUE,FALSE,FALSE
Bangladesh,BGD,1991,8,0,0,FALSE,FALSE,FALSE,TRUE,TRUE,FALSE
Bangladesh,BGD,1992,479,29,6.054279749478079,FALSE,FALSE,FALSE,FALSE,FALSE,FALSE
Bangladesh,BGD,1993,78,0,0,FALSE,FALSE,FALSE,TRUE,FALSE,FALSE
Bangladesh,BGD,1994,562,41,7.295373665480427,FALSE,FALSE,FALSE,FALSE,FALSE,FALSE
Bangladesh,BGD,1995,2297,61,2.655637788419678,FALSE,FALSE,FALSE,FALSE,FALSE,FALSE
Bangladesh,BGD,1996,418,0,0,FALSE,FALSE,FALSE,FALSE,FALSE,FALSE
Bangladesh,BGD,1997,1959,95,4.849412965798877,FALSE,FALSE,FALSE,FALSE,FALSE,FALSE
Bangladesh,BGD,1998,1067,26,2.436738519212746,FALSE,FALSE,FALSE,FALSE,FALSE,FALSE
Bangladesh,BGD,1999,3440,63,1.8313953488372092,FALSE,FALSE,FALSE,FALSE,FALSE,FALSE
Bangladesh,BGD,2000,1021,16,1.5670910871694417,FALSE,FALSE,FALSE,FALSE,FALSE,FALSE
Bangladesh,BGD,2018,566,0,0,FALSE,FALSE,FALSE,FALSE,FALSE,FALSE
Bangladesh,BGD,2019,503,0,0,FALSE,FALSE,FALSE,FALSE,FALSE,FALSE
Bangladesh,BGD,1950,29809,12947,43.433191318058306,FALSE,FALSE,FALSE,FALSE,FALSE,FALSE
Bangladesh,BGD,1951,20894,12372,59.21317124533359,FALSE,FALSE,FALSE,FALSE,FALSE,FALSE
Bangladesh,BGD,1952,21154,12884,60.90573886735369,FALSE,FALSE,FALSE,FALSE,FALSE,FALSE
Bangladesh,BGD,1953,27631,16904,61.177662770077085,FALSE,FALSE,FALSE,FALSE,FALSE,FALSE
Bangladesh,BGD,1954,15617,9443,60.4661586732407,FALSE,FALSE,FALSE,FALSE,FALSE,FALSE
Bangladesh,BGD,1955,16642,9802,58.89917077274366,FALSE,FALSE,FALSE,FALSE,FALSE,FALSE
Bangladesh,BGD,1956,23699,15310,64.60188193594666,FALSE,FALSE,FALSE,FALSE,FALSE,FALSE
Bangladesh,BGD,1957,8054,5134,63.74472311894711,FALSE,FALSE,FALSE,FALSE,FALSE,FALSE
Bangladesh,BGD,1958,15631,10119,64.7367410914209,FALSE,FALSE,FALSE,FALSE,FALSE,FALSE
Bangladesh,BGD,1959,16915,11056,65.36210464085131,FALSE,FALSE,FALSE,FALSE,FALSE,FALSE
Bangladesh,BGD,1960,15618,6272,40.15879113843002,FALSE,FALSE,FALSE,FALSE,FALSE,FALSE
Bangladesh,BGD,1961,2663,1703,63.9504318437852,FALSE,FALSE,FALSE,FALSE,FALSE,FALSE
Bangladesh,BGD,1962,2524,1304,51.664025356576865,FALSE,FALSE,FALSE,FALSE,FALSE,FALSE
Bangladesh,BGD,1963,3975,1248,31.39622641509434,FALSE,FALSE,FALSE,FALSE,FALSE,FALSE
Bangladesh,BGD,1964,3333,2419,72.57725772577258,FALSE,FALSE,FALSE,FALSE,FALSE,FALSE
Bangladesh,BGD,1965,1123,683,60.819234194122885,FALSE,FALSE,FALSE,FALSE,FALSE,FALSE
Bangladesh,BGD,1966,3154,1234,39.12492073557387,FALSE,FALSE,FALSE,FALSE,FALSE,FALSE
Bangladesh,BGD,1967,664,369,55.5722891566265,FALSE,FALSE,FALSE,FALSE,FALSE,FALSE
Bangladesh,BGD,1968,3156,614,19.455006337135615,FALSE,FALSE,FALSE,FALSE,FALSE,FALSE
Bangladesh,BGD,1969,7411,1556,20.99581702874106,FALSE,FALSE,FALSE,FALSE,FALSE,FALSE
Bangladesh,BGD,1970,7419,1889,25.461652513815878,FALSE,FALSE,FALSE,FALSE,FALSE,FALSE
Bangladesh,BGD,1971,2342,386,16.481639624252775,FALSE,FALSE,FALSE,FALSE,FALSE,FALSE
Bangladesh,BGD,1972,1059,201,18.980169971671387,FALSE,FALSE,FALSE,FALSE,FALSE,FALSE
Bangladesh,BGD,1973,1969,369,18.740477399695276,FALSE,FALSE,FALSE,FALSE,FALSE,FALSE
Bangladesh,BGD,1974,5614,173,3.0815817598859994,FALSE,FALSE,FALSE,FALSE,FALSE,FALSE
Bangladesh,BGD,1975,4888,117,2.393617021276596,FALSE,FALSE,FALSE,FALSE,FALSE,FALSE
Bangladesh,BGD,1976,957,62,6.478578892371996,FALSE,FALSE,FALSE,FALSE,FALSE,FALSE
Bangladesh,BGD,1977,10403,354,3.4028645583004904,FALSE,FALSE,FALSE,FALSE,FALSE,FALSE
Bangladesh,BGD,1978,5576,81,1.4526542324246772,FALSE,FALSE,FALSE,FALSE,FALSE,FALSE
Bangladesh,BGD,1979,2154,21,0.9749303621169917,FALSE,FALSE,FALSE,FALSE,FALSE,FALSE
Belarus,BLR,1994,3,0,0,FALSE,FALSE,FALSE,TRUE,TRUE,FALSE
Belarus,BLR,1995,3,0,0,FALSE,FALSE,FALSE,TRUE,TRUE,FALSE
Belgium,BEL,1980,1,0,0,FALSE,FALSE,FALSE,TRUE,TRUE,FALSE
Belgium,BEL,1983,1,0,0,FALSE,FALSE,FALSE,TRUE,TRUE,FALSE
Belgium,BEL,1984,1,0,0,FALSE,FALSE,FALSE,TRUE,TRUE,FALSE
Belgium,BEL,1985,1,0,0,FALSE,FALSE,FALSE,TRUE,TRUE,FALSE
Belgium,BEL,1993,1,0,0,FALSE,FALSE,FALSE,TRUE,TRUE,FALSE
Belgium,BEL,1994,1,0,0,FALSE,FALSE,FALSE,TRUE,TRUE,FALSE
Belgium,BEL,2004,1,0,0,FALSE,FALSE,FALSE,TRUE,TRUE,FALSE
Belgium,BEL,2005,2,0,0,FALSE,FALSE,FALSE,TRUE,TRUE,FALSE
Belize,BLZ,1992,159,4,2.5157232704402515,FALSE,FALSE,FALSE,FALSE,FALSE,FALSE
Belize,BLZ,1993,135,3,2.2222222222222223,FALSE,FALSE,FALSE,FALSE,FALSE,FALSE
Belize,BLZ,1994,6,1,16.666666666666668,FALSE,FALSE,FALSE,TRUE,TRUE,FALSE
Belize,BLZ,1995,19,1,5.2631578947368425,FALSE,FALSE,FALSE,TRUE,FALSE,FALSE
Belize,BLZ,1996,26,0,0,FALSE,FALSE,FALSE,TRUE,FALSE,FALSE
Belize,BLZ,1997,2,0,0,FALSE,FALSE,FALSE,TRUE,TRUE,FALSE
Belize,BLZ,1998,28,1,3.5714285714285716,FALSE,FALSE,FALSE,TRUE,FALSE,FALSE
Belize,BLZ,1999,12,0,0,FALSE,FALSE,FALSE,TRUE,FALSE,FALSE
Benin,BEN,2010,983,8,0.8138351983723296,FALSE,FALSE,FALSE,FALSE,FALSE,FALSE
Benin,BEN,2012,625,3,0.48,FALSE,FALSE,FALSE,FALSE,FALSE,FALSE
Benin,BEN,1980,3,0,0,FALSE,FALSE,FALSE,TRUE,TRUE,FALSE
Benin,BEN,1981,2,0,0,FALSE,FALSE,FALSE,TRUE,TRUE,FALSE
Benin,BEN,1982,3,0,0,FALSE,FALSE,FALSE,TRUE,TRUE,FALSE
Benin,BEN,1983,1,0,0,FALSE,FALSE,FALSE,TRUE,TRUE,FALSE
Benin,BEN,1984,1,0,0,FALSE,FALSE,FALSE,TRUE,TRUE,FALSE
Benin,BEN,1986,243,13,5.349794238683128,FALSE,FALSE,FALSE,FALSE,FALSE,FALSE
Benin,BEN,1991,7474,259,3.4653465346534653,FALSE,FALSE,FALSE,FALSE,FALSE,FALSE
Benin,BEN,1992,413,17,4.116222760290557,FALSE,FALSE,FALSE,FALSE,FALSE,FALSE
Benin,BEN,1993,10,2,20,FALSE,FALSE,FALSE,TRUE,FALSE,FALSE
Benin,BEN,1994,187,20,10.695187165775401,FALSE,FALSE,FALSE,FALSE,FALSE,FALSE
Benin,BEN,1995,203,12,5.911330049261084,FALSE,FALSE,FALSE,FALSE,FALSE,FALSE
Benin,BEN,1996,6190,203,3.2794830371567043,FALSE,FALSE,FALSE,FALSE,FALSE,FALSE
Benin,BEN,1997,796,16,2.0100502512562812,FALSE,FALSE,FALSE,FALSE,FALSE,FALSE
Benin,BEN,1998,206,1,0.4854368932038835,FALSE,FALSE,FALSE,FALSE,FALSE,FALSE
Benin,BEN,1999,855,25,2.9239766081871346,FALSE,FALSE,FALSE,FALSE,FALSE,FALSE
Benin,BEN,2000,468,11,2.3504273504273505,FALSE,FALSE,FALSE,FALSE,FALSE,FALSE
Benin,BEN,2001,3943,71,1.8006593963986812,FALSE,FALSE,FALSE,FALSE,FALSE,FALSE
Benin,BEN,2002,270,13,4.814814814814815,FALSE,FALSE,FALSE,FALSE,FALSE,FALSE
Benin,BEN,2003,434,11,2.5345622119815667,FALSE,FALSE,FALSE,FALSE,FALSE,FALSE
Benin,BEN,2004,642,9,1.4018691588785046,FALSE,FALSE,FALSE,FALSE,FALSE,FALSE
Benin,BEN,2005,749,11,1.4686248331108145,FALSE,FALSE,FALSE,FALSE,FALSE,FALSE
Benin,BEN,2006,91,1,1.098901098901099,FALSE,FALSE,FALSE,TRUE,FALSE,FALSE
Benin,BEN,2008,985,5,0.5076142131979695,FALSE,FALSE,FALSE,FALSE,FALSE,FALSE
Benin,BEN,2009,74,1,1.3513513513513513,FALSE,FALSE,FALSE,TRUE,FALSE,FALSE
Benin,BEN,2011,755,4,0.5298013245033113,FALSE,FALSE,FALSE,FALSE,FALSE,FALSE
Benin,BEN,2013,528,6,1.1363636363636365,FALSE,FALSE,FALSE,FALSE,FALSE,FALSE
Benin,BEN,2014,832,12,1.4423076923076923,FALSE,FALSE,FALSE,FALSE,FALSE,FALSE
Benin,BEN,2016,761,13,1.7082785808147174,FALSE,FALSE,FALSE,FALSE,FALSE,FALSE
Benin,BEN,2017,11,0,0,FALSE,FALSE,FALSE,TRUE,FALSE,FALSE
Benin,BEN,2019,50,0,0,FALSE,FALSE,FALSE,TRUE,FALSE,FALSE
Benin,BEN,2020,232,6,2.586206896551724,FALSE,FALSE,FALSE,FALSE,FALSE,FALSE
Benin,BEN,2021,1298,23,1.7719568567026194,FALSE,FALSE,FALSE,FALSE,FALSE,FALSE
Benin,BEN,1970,175,37,21.142857142857142,FALSE,FALSE,FALSE,FALSE,FALSE,FALSE
Benin,BEN,1971,2133,274,12.845757149554618,FALSE,FALSE,FALSE,FALSE,FALSE,FALSE
Benin,BEN,1972,250,29,11.6,FALSE,FALSE,FALSE,FALSE,FALSE,FALSE
Benin,BEN,1973,3,2,66.66666666666667,FALSE,FALSE,FALSE,TRUE,TRUE,FALSE
Benin,BEN,1974,73,4,5.47945205479452,FALSE,FALSE,FALSE,TRUE,FALSE,FALSE
Benin,BEN,1975,45,1,2.2222222222222223,FALSE,FALSE,FALSE,TRUE,FALSE,FALSE
Benin,BEN,1976,146,14,9.58904109589041,FALSE,FALSE,FALSE,FALSE,FALSE,FALSE
Benin,BEN,1977,2,0,0,FALSE,FALSE,FALSE,TRUE,TRUE,FALSE
Benin,BEN,1978,27,0,0,FALSE,FALSE,FALSE,TRUE,FALSE,FALSE
Bhutan,BTN,1991,422,19,4.502369668246446,FALSE,FALSE,FALSE,FALSE,FALSE,FALSE
Bhutan,BTN,1992,494,6,1.214574898785425,FALSE,FALSE,FALSE,FALSE,FALSE,FALSE
Bhutan,BTN,1995,25,0,0,FALSE,FALSE,FALSE,TRUE,FALSE,FALSE
Bhutan,BTN,1998,19,0,0,FALSE,FALSE,FALSE,TRUE,FALSE,FALSE
Bolivia,BOL,1991,206,12,5.825242718446602,FALSE,FALSE,FALSE,FALSE,FALSE,FALSE
Bolivia,BOL,1992,22260,395,1.7744833782569631,FALSE,FALSE,FALSE,FALSE,FALSE,FALSE
Bolivia,BOL,1993,10134,254,2.5064140517071247,FALSE,FALSE,FALSE,FALSE,FALSE,FALSE
Bolivia,BOL,1994,2710,46,1.6974169741697418,FALSE,FALSE,FALSE,FALSE,FALSE,FALSE
Bolivia,BOL,1995,2293,54,2.3549934583515046,FALSE,FALSE,FALSE,FALSE,FALSE,FALSE
Bolivia,BOL,1996,2847,68,2.388479100807868,FALSE,FALSE,FALSE,FALSE,FALSE,FALSE
Bolivia,BOL,1997,1632,18,1.1029411764705883,FALSE,FALSE,FALSE,FALSE,FALSE,FALSE
Bolivia,BOL,1998,466,7,1.502145922746781,FALSE,FALSE,FALSE,FALSE,FALSE,FALSE
Botswana,BWA,2005,0,0,NA,FALSE,FALSE,TRUE,FALSE,FALSE,NA
Botswana,BWA,2006,0,0,NA,FALSE,FALSE,TRUE,FALSE,FALSE,NA
Botswana,BWA,2008,8,1,12.5,FALSE,FALSE,FALSE,TRUE,TRUE,FALSE
Botswana,BWA,2009,15,2,13.333333333333334,FALSE,FALSE,FALSE,TRUE,FALSE,FALSE
Brazil,BRA,1991,2103,33,1.5691868758915835,FALSE,FALSE,FALSE,FALSE,FALSE,FALSE
Brazil,BRA,1992,30317,363,1.1973480225615991,FALSE,FALSE,FALSE,FALSE,FALSE,FALSE
Brazil,BRA,1993,59212,644,1.087617374856448,FALSE,FALSE,FALSE,FALSE,FALSE,FALSE
Brazil,BRA,1994,49455,452,0.9139621878475381,FALSE,FALSE,FALSE,FALSE,FALSE,FALSE
Brazil,BRA,1995,15915,85,0.5340873389883758,FALSE,FALSE,FALSE,FALSE,FALSE,FALSE
Brazil,BRA,1996,5522,33,0.5976095617529881,FALSE,FALSE,FALSE,FALSE,FALSE,FALSE
Brazil,BRA,1997,2881,37,1.2842762929538354,FALSE,FALSE,FALSE,FALSE,FALSE,FALSE
Brazil,BRA,1998,2571,27,1.0501750291715286,FALSE,FALSE,FALSE,FALSE,FALSE,FALSE
Brazil,BRA,1999,4495,83,1.846496106785317,FALSE,FALSE,FALSE,FALSE,FALSE,FALSE
Brazil,BRA,2000,715,17,2.3776223776223775,FALSE,FALSE,FALSE,FALSE,FALSE,FALSE
Brazil,BRA,2001,7,0,0,FALSE,FALSE,FALSE,TRUE,TRUE,FALSE
Brazil,BRA,2004,21,0,0,FALSE,FALSE,FALSE,TRUE,FALSE,FALSE
Brazil,BRA,2005,5,0,0,FALSE,FALSE,FALSE,TRUE,TRUE,FALSE
Brazil,BRA,2011,1,0,0,FALSE,FALSE,FALSE,TRUE,TRUE,FALSE
Brunei,BRN,1982,6,0,0,FALSE,FALSE,FALSE,TRUE,TRUE,FALSE
Brunei,BRN,1999,93,0,0,FALSE,FALSE,FALSE,TRUE,FALSE,FALSE
Brunei,BRN,1955,1,0,0,FALSE,FALSE,FALSE,TRUE,TRUE,FALSE
Brunei,BRN,1965,198,6,3.0303030303030303,FALSE,FALSE,FALSE,FALSE,FALSE,FALSE
Brunei,BRN,1970,24,0,0,FALSE,FALSE,FALSE,TRUE,FALSE,FALSE
Burkina Faso,BFA,1984,2191,117,5.340027384755819,FALSE,FALSE,FALSE,FALSE,FALSE,FALSE
Burkina Faso,BFA,1985,1149,156,13.577023498694517,FALSE,FALSE,FALSE,FALSE,FALSE,FALSE
Burkina Faso,BFA,1991,537,61,11.359404096834265,FALSE,FALSE,FALSE,FALSE,FALSE,FALSE
Burkina Faso,BFA,1995,1451,113,7.787732598208132,FALSE,FALSE,FALSE,FALSE,FALSE,FALSE
Burkina Faso,BFA,1996,425,58,13.647058823529411,FALSE,FALSE,FALSE,FALSE,FALSE,FALSE
Burkina Faso,BFA,1998,1036,52,5.019305019305019,FALSE,FALSE,FALSE,FALSE,FALSE,FALSE
Burkina Faso,BFA,1999,93,7,7.526881720430108,FALSE,FALSE,FALSE,TRUE,FALSE,FALSE
Burkina Faso,BFA,2000,617,14,2.2690437601296596,FALSE,FALSE,FALSE,FALSE,FALSE,FALSE
Burkina Faso,BFA,2001,477,7,1.4675052410901468,FALSE,FALSE,FALSE,FALSE,FALSE,FALSE
Burkina Faso,BFA,2005,1050,16,1.5238095238095237,FALSE,FALSE,FALSE,FALSE,FALSE,FALSE
Burkina Faso,BFA,2006,0,0,NA,FALSE,FALSE,TRUE,FALSE,FALSE,NA
Burkina Faso,BFA,2008,0,0,NA,FALSE,FALSE,TRUE,FALSE,FALSE,NA
Burkina Faso,BFA,2011,20,2,10,FALSE,FALSE,FALSE,TRUE,FALSE,FALSE
Burkina Faso,BFA,2012,143,7,4.895104895104895,FALSE,FALSE,FALSE,FALSE,FALSE,FALSE
Burkina Faso,BFA,2021,3,0,0,FALSE,FALSE,FALSE,TRUE,TRUE,FALSE
Burkina Faso,BFA,1970,1,1,100,FALSE,FALSE,FALSE,TRUE,TRUE,FALSE
Burkina Faso,BFA,1971,1761,495,28.109028960817717,FALSE,FALSE,FALSE,FALSE,FALSE,FALSE
Burkina Faso,BFA,1972,1,0,0,FALSE,FALSE,FALSE,TRUE,TRUE,FALSE
Burkina Faso,BFA,1973,1118,249,22.271914132379248,FALSE,FALSE,FALSE,FALSE,FALSE,FALSE
Burkina Faso,BFA,1974,632,66,10.443037974683545,FALSE,FALSE,FALSE,FALSE,FALSE,FALSE
Burkina Faso,BFA,1975,3,3,100,FALSE,FALSE,FALSE,TRUE,TRUE,FALSE
Burkina Faso,BFA,1978,1,0,0,FALSE,FALSE,FALSE,TRUE,TRUE,FALSE
Burundi,BDI,1980,2039,28,1.373222167729279,FALSE,FALSE,FALSE,FALSE,FALSE,FALSE
Burundi,BDI,1981,582,11,1.8900343642611683,FALSE,FALSE,FALSE,FALSE,FALSE,FALSE
Burundi,BDI,1982,415,9,2.1686746987951806,FALSE,FALSE,FALSE,FALSE,FALSE,FALSE
Burundi,BDI,1983,512,35,6.8359375,FALSE,FALSE,FALSE,FALSE,FALSE,FALSE
Burundi,BDI,1984,180,10,5.555555555555555,FALSE,FALSE,FALSE,FALSE,FALSE,FALSE
Burundi,BDI,1985,259,15,5.7915057915057915,FALSE,FALSE,FALSE,FALSE,FALSE,FALSE
Burundi,BDI,1992,479,29,6.054279749478079,FALSE,FALSE,FALSE,FALSE,FALSE,FALSE
Burundi,BDI,1993,78,0,0,FALSE,FALSE,FALSE,TRUE,FALSE,FALSE
Burundi,BDI,1994,562,41,7.295373665480427,FALSE,FALSE,FALSE,FALSE,FALSE,FALSE
Burundi,BDI,1997,1959,95,4.849412965798877,FALSE,FALSE,FALSE,FALSE,FALSE,FALSE
Burundi,BDI,1998,1067,26,2.436738519212746,FALSE,FALSE,FALSE,FALSE,FALSE,FALSE
Burundi,BDI,1999,3440,63,1.8313953488372092,FALSE,FALSE,FALSE,FALSE,FALSE,FALSE
Burundi,BDI,2000,1021,16,1.5670910871694417,FALSE,FALSE,FALSE,FALSE,FALSE,FALSE
Burundi,BDI,2001,1003,20,1.9940179461615155,FALSE,FALSE,FALSE,FALSE,FALSE,FALSE
Burundi,BDI,2002,577,8,1.3864818024263432,FALSE,FALSE,FALSE,FALSE,FALSE,FALSE
Burundi,BDI,2003,432,18,4.166666666666667,FALSE,FALSE,FALSE,FALSE,FALSE,FALSE
Burundi,BDI,2004,819,14,1.7094017094017093,FALSE,FALSE,FALSE,FALSE,FALSE,FALSE
Burundi,BDI,2005,1309,18,1.3750954927425516,FALSE,FALSE,FALSE,FALSE,FALSE,FALSE
Burundi,BDI,2006,886,7,0.7900677200902935,FALSE,FALSE,FALSE,FALSE,FALSE,FALSE
Burundi,BDI,2007,365,2,0.547945205479452,FALSE,FALSE,FALSE,FALSE,FALSE,FALSE
Burundi,BDI,2008,234,4,1.7094017094017093,FALSE,FALSE,FALSE,FALSE,FALSE,FALSE
Burundi,BDI,2009,355,0,0,FALSE,FALSE,FALSE,FALSE,FALSE,FALSE
Burundi,BDI,2010,333,1,0.3003003003003003,FALSE,FALSE,FALSE,FALSE,FALSE,FALSE
Burundi,BDI,2011,1072,1,0.09328358208955224,FALSE,FALSE,FALSE,FALSE,FALSE,FALSE
Burundi,BDI,2012,214,1,0.4672897196261682,FALSE,FALSE,FALSE,FALSE,FALSE,FALSE
Burundi,BDI,2013,1557,17,1.0918432883750804,FALSE,FALSE,FALSE,FALSE,FALSE,FALSE
Burundi,BDI,2014,582,9,1.5463917525773196,FALSE,FALSE,FALSE,FALSE,FALSE,FALSE
Burundi,BDI,2015,442,0,0,FALSE,FALSE,FALSE,FALSE,FALSE,FALSE
Burundi,BDI,2016,434,5,1.152073732718894,FALSE,FALSE,FALSE,FALSE,FALSE,FALSE
Burundi,BDI,2017,399,0,0,FALSE,FALSE,FALSE,FALSE,FALSE,FALSE
Burundi,BDI,2018,92,1,1.0869565217391304,FALSE,FALSE,FALSE,TRUE,FALSE,FALSE
Burundi,BDI,2019,1145,9,0.7860262008733624,FALSE,FALSE,FALSE,FALSE,FALSE,FALSE
Burundi,BDI,2020,277,5,1.8050541516245486,FALSE,FALSE,FALSE,FALSE,FALSE,FALSE
Burundi,BDI,2021,11,0,0,FALSE,FALSE,FALSE,TRUE,FALSE,FALSE
Burundi,BDI,1978,8297,248,2.989032180306135,FALSE,FALSE,FALSE,FALSE,FALSE,FALSE
Burundi,BDI,1979,915,31,3.387978142076503,FALSE,FALSE,FALSE,FALSE,FALSE,FALSE
Cambodia,KHM,1987,474,55,11.603375527426161,FALSE,FALSE,FALSE,FALSE,FALSE,FALSE
Cambodia,KHM,1988,56,0,0,FALSE,FALSE,FALSE,TRUE,FALSE,FALSE
Cambodia,KHM,1989,47,2,4.25531914893617,FALSE,FALSE,FALSE,TRUE,FALSE,FALSE
Cambodia,KHM,1990,5,0,0,FALSE,FALSE,FALSE,TRUE,TRUE,FALSE
Cambodia,KHM,1991,770,97,12.597402597402597,FALSE,FALSE,FALSE,FALSE,FALSE,FALSE
Cambodia,KHM,1992,1229,120,9.764035801464605,FALSE,FALSE,FALSE,FALSE,FALSE,FALSE
Cambodia,KHM,1993,2252,104,4.618117229129663,FALSE,FALSE,FALSE,FALSE,FALSE,FALSE
Cambodia,KHM,1994,3085,211,6.839546191247974,FALSE,FALSE,FALSE,FALSE,FALSE,FALSE
Cambodia,KHM,1995,4190,123,2.935560859188544,FALSE,FALSE,FALSE,FALSE,FALSE,FALSE
Cambodia,KHM,1996,740,20,2.7027027027027026,FALSE,FALSE,FALSE,FALSE,FALSE,FALSE
Cambodia,KHM,1997,155,0,0,FALSE,FALSE,FALSE,FALSE,FALSE,FALSE
Cambodia,KHM,1998,1197,66,5.513784461152882,FALSE,FALSE,FALSE,FALSE,FALSE,FALSE
Cambodia,KHM,1999,1711,130,7.597895967270602,FALSE,FALSE,FALSE,FALSE,FALSE,FALSE
Cambodia,KHM,2004,57,1,1.7543859649122806,FALSE,FALSE,FALSE,TRUE,FALSE,FALSE
Cambodia,KHM,2009,39,0,0,FALSE,FALSE,FALSE,TRUE,FALSE,FALSE
Cambodia,KHM,2010,588,1,0.17006802721088435,FALSE,FALSE,FALSE,FALSE,FALSE,FALSE
Cambodia,KHM,2020,48,0,0,FALSE,FALSE,FALSE,TRUE,FALSE,FALSE
Cambodia,KHM,1950,10,1,10,FALSE,FALSE,FALSE,TRUE,FALSE,FALSE
Cambodia,KHM,1951,57,40,70.17543859649123,FALSE,FALSE,FALSE,TRUE,FALSE,FALSE
Cambodia,KHM,1952,24,10,41.666666666666664,FALSE,FALSE,FALSE,TRUE,FALSE,FALSE
Cambodia,KHM,1953,11,8,72.72727272727273,FALSE,FALSE,FALSE,TRUE,FALSE,FALSE
Cambodia,KHM,1954,2,2,100,FALSE,FALSE,FALSE,TRUE,TRUE,FALSE
Cambodia,KHM,1956,1,1,100,FALSE,FALSE,FALSE,TRUE,TRUE,FALSE
Cambodia,KHM,1957,6,1,16.666666666666668,FALSE,FALSE,FALSE,TRUE,TRUE,FALSE
Cambodia,KHM,1958,3,0,0,FALSE,FALSE,FALSE,TRUE,TRUE,FALSE
Cambodia,KHM,1963,52,13,25,FALSE,FALSE,FALSE,TRUE,FALSE,FALSE
Cambodia,KHM,1964,187,27,14.438502673796792,FALSE,FALSE,FALSE,FALSE,FALSE,FALSE
Cambodia,KHM,1966,62,5,8.064516129032258,FALSE,FALSE,FALSE,TRUE,FALSE,FALSE
Cambodia,KHM,1967,4,0,0,FALSE,FALSE,FALSE,TRUE,TRUE,FALSE
Cambodia,KHM,1968,8,1,12.5,FALSE,FALSE,FALSE,TRUE,TRUE,FALSE
Cambodia,KHM,1973,159,14,8.80503144654088,FALSE,FALSE,FALSE,FALSE,FALSE,FALSE
Cambodia,KHM,1974,145,1,0.6896551724137931,FALSE,FALSE,FALSE,FALSE,FALSE,FALSE
Cambodia,KHM,1975,66,0,0,FALSE,FALSE,FALSE,TRUE,FALSE,FALSE
Cameroon,CMR,2010,10759,657,6.1065154754159305,FALSE,FALSE,FALSE,FALSE,FALSE,FALSE
Cameroon,CMR,2011,22433,783,3.4903936165470513,FALSE,FALSE,FALSE,FALSE,FALSE,FALSE
Cameroon,CMR,2012,363,5,1.3774104683195592,FALSE,FALSE,FALSE,FALSE,FALSE,FALSE
Cameroon,CMR,2013,29,0,0,FALSE,FALSE,FALSE,TRUE,FALSE,FALSE
Cameroon,CMR,2014,3355,184,5.484351713859911,FALSE,FALSE,FALSE,FALSE,FALSE,FALSE
Cameroon,CMR,2015,124,6,4.838709677419355,FALSE,FALSE,FALSE,FALSE,FALSE,FALSE
Cameroon,CMR,1980,229,23,10.043668122270743,FALSE,FALSE,FALSE,FALSE,FALSE,FALSE
Cameroon,CMR,1981,243,17,6.995884773662551,FALSE,FALSE,FALSE,FALSE,FALSE,FALSE
Cameroon,CMR,1982,5,3,60,FALSE,FALSE,FALSE,TRUE,TRUE,FALSE
Cameroon,CMR,1983,55,18,32.72727272727273,FALSE,FALSE,FALSE,TRUE,FALSE,FALSE
Cameroon,CMR,1984,392,60,15.306122448979592,FALSE,FALSE,FALSE,FALSE,FALSE,FALSE
Cameroon,CMR,1985,1158,103,8.894645941278066,FALSE,FALSE,FALSE,FALSE,FALSE,FALSE
Cameroon,CMR,1986,165,12,7.2727272727272725,FALSE,FALSE,FALSE,FALSE,FALSE,FALSE
Cameroon,CMR,1987,94,6,6.382978723404255,FALSE,FALSE,FALSE,TRUE,FALSE,FALSE
Cameroon,CMR,1988,4,0,0,FALSE,FALSE,FALSE,TRUE,TRUE,FALSE
Cameroon,CMR,1989,4,2,50,FALSE,FALSE,FALSE,TRUE,TRUE,FALSE
Cameroon,CMR,1990,16,0,0,FALSE,FALSE,FALSE,TRUE,FALSE,FALSE
Cameroon,CMR,1991,4026,491,12.19572776949826,FALSE,FALSE,FALSE,FALSE,FALSE,FALSE
Cameroon,CMR,1992,1268,66,5.205047318611987,FALSE,FALSE,FALSE,FALSE,FALSE,FALSE
Cameroon,CMR,1993,648,19,2.932098765432099,FALSE,FALSE,FALSE,FALSE,FALSE,FALSE
Cameroon,CMR,1994,527,61,11.574952561669829,FALSE,FALSE,FALSE,FALSE,FALSE,FALSE
Cameroon,CMR,1995,615,21,3.4146341463414633,FALSE,FALSE,FALSE,FALSE,FALSE,FALSE
Cameroon,CMR,1996,5796,485,8.36783988957902,FALSE,FALSE,FALSE,FALSE,FALSE,FALSE
Cameroon,CMR,1997,1709,180,10.53247513165594,FALSE,FALSE,FALSE,FALSE,FALSE,FALSE
Cameroon,CMR,1998,4603,316,6.865087986096024,FALSE,FALSE,FALSE,FALSE,FALSE,FALSE
Cameroon,CMR,1999,1584,35,2.20959595959596,FALSE,FALSE,FALSE,FALSE,FALSE,FALSE
Cameroon,CMR,2000,123,29,23.577235772357724,FALSE,FALSE,FALSE,FALSE,FALSE,FALSE
Cameroon,CMR,2001,259,7,2.7027027027027026,FALSE,FALSE,FALSE,FALSE,FALSE,FALSE
Cameroon,CMR,2002,66,8,12.121212121212121,FALSE,FALSE,FALSE,TRUE,FALSE,FALSE
Cameroon,CMR,2003,207,36,17.391304347826086,FALSE,FALSE,FALSE,FALSE,FALSE,FALSE
Cameroon,CMR,2004,8005,137,1.7114303560274828,FALSE,FALSE,FALSE,FALSE,FALSE,FALSE
Cameroon,CMR,2005,2847,110,3.8637161924833157,FALSE,FALSE,FALSE,FALSE,FALSE,FALSE
Cameroon,CMR,2006,922,35,3.7960954446854664,FALSE,FALSE,FALSE,FALSE,FALSE,FALSE
Cameroon,CMR,2007,10,1,10,FALSE,FALSE,FALSE,TRUE,FALSE,FALSE
Cameroon,CMR,2008,0,0,NA,FALSE,FALSE,TRUE,FALSE,FALSE,NA
Cameroon,CMR,2009,804,89,11.069651741293532,FALSE,FALSE,FALSE,FALSE,FALSE,FALSE
Cameroon,CMR,2018,1052,58,5.513307984790875,FALSE,FALSE,FALSE,FALSE,FALSE,FALSE
Cameroon,CMR,2019,1840,93,5.054347826086956,FALSE,FALSE,FALSE,FALSE,FALSE,FALSE
Cameroon,CMR,2020,1890,73,3.8624338624338623,FALSE,FALSE,FALSE,FALSE,FALSE,FALSE
Cameroon,CMR,2021,728,23,3.159340659340659,FALSE,FALSE,FALSE,FALSE,FALSE,FALSE
Cameroon,CMR,1971,2167,336,15.505306875865251,FALSE,FALSE,FALSE,FALSE,FALSE,FALSE
Cameroon,CMR,1972,362,27,7.458563535911602,FALSE,FALSE,FALSE,FALSE,FALSE,FALSE
Cameroon,CMR,1973,206,16,7.766990291262136,FALSE,FALSE,FALSE,FALSE,FALSE,FALSE
Cameroon,CMR,1974,83,16,19.27710843373494,FALSE,FALSE,FALSE,TRUE,FALSE,FALSE
Cameroon,CMR,1975,3,0,0,FALSE,FALSE,FALSE,TRUE,TRUE,FALSE
Cameroon,CMR,1976,135,27,20,FALSE,FALSE,FALSE,FALSE,FALSE,FALSE
Cameroon,CMR,1978,3,0,0,FALSE,FALSE,FALSE,TRUE,TRUE,FALSE
Cameroon,CMR,1979,16,4,25,FALSE,FALSE,FALSE,TRUE,FALSE,FALSE
Canada,CAN,1989,1,0,0,FALSE,FALSE,FALSE,TRUE,TRUE,FALSE
Canada,CAN,1991,2,0,0,FALSE,FALSE,FALSE,TRUE,TRUE,FALSE
Canada,CAN,1992,5,0,0,FALSE,FALSE,FALSE,TRUE,TRUE,FALSE
Canada,CAN,1993,6,1,16.666666666666668,FALSE,FALSE,FALSE,TRUE,TRUE,FALSE
Canada,CAN,1994,2,0,0,FALSE,FALSE,FALSE,TRUE,TRUE,FALSE
Canada,CAN,1995,7,0,0,FALSE,FALSE,FALSE,TRUE,TRUE,FALSE
Canada,CAN,1996,2,0,0,FALSE,FALSE,FALSE,TRUE,TRUE,FALSE
Canada,CAN,1998,2,0,0,FALSE,FALSE,FALSE,TRUE,TRUE,FALSE
Canada,CAN,2000,5,0,0,FALSE,FALSE,FALSE,TRUE,TRUE,FALSE
Canada,CAN,2002,4,0,0,FALSE,FALSE,FALSE,TRUE,TRUE,FALSE
Canada,CAN,2004,3,0,0,FALSE,FALSE,FALSE,TRUE,TRUE,FALSE
Canada,CAN,2005,7,0,0,FALSE,FALSE,FALSE,TRUE,TRUE,FALSE
Canada,CAN,2006,2,0,0,FALSE,FALSE,FALSE,TRUE,TRUE,FALSE
Canada,CAN,2007,1,0,0,FALSE,FALSE,FALSE,TRUE,TRUE,FALSE
Canada,CAN,2008,1,0,0,FALSE,FALSE,FALSE,TRUE,TRUE,FALSE
Canada,CAN,2009,2,0,0,FALSE,FALSE,FALSE,TRUE,TRUE,FALSE
Canada,CAN,2010,2,0,0,FALSE,FALSE,FALSE,TRUE,TRUE,FALSE
Canada,CAN,2013,1,0,0,FALSE,FALSE,FALSE,TRUE,TRUE,FALSE
Canada,CAN,2014,2,0,0,FALSE,FALSE,FALSE,TRUE,TRUE,FALSE
Canada,CAN,2015,3,0,0,FALSE,FALSE,FALSE,TRUE,TRUE,FALSE
Canada,CAN,2016,1,0,0,FALSE,FALSE,FALSE,TRUE,TRUE,FALSE
Canada,CAN,2017,4,0,0,FALSE,FALSE,FALSE,TRUE,TRUE,FALSE
Canada,CAN,2020,2,0,0,FALSE,FALSE,FALSE,TRUE,TRUE,FALSE
Cape Verde,CPV,1994,128,12,9.375,FALSE,FALSE,FALSE,FALSE,FALSE,FALSE
Cape Verde,CPV,1995,12913,240,1.8585921164717727,FALSE,FALSE,FALSE,FALSE,FALSE,FALSE
Cape Verde,CPV,1996,428,3,0.7009345794392523,FALSE,FALSE,FALSE,FALSE,FALSE,FALSE
Cape Verde,CPV,1998,133,1,0.7518796992481203,FALSE,FALSE,FALSE,FALSE,FALSE,FALSE
Cape Verde,CPV,2005,0,0,NA,FALSE,FALSE,TRUE,FALSE,FALSE,NA
Cape Verde,CPV,2006,0,0,NA,FALSE,FALSE,TRUE,FALSE,FALSE,NA
Cape Verde,CPV,1974,303,8,2.6402640264026402,FALSE,FALSE,FALSE,FALSE,FALSE,FALSE
Cape Verde,CPV,1975,20,3,15,FALSE,FALSE,FALSE,TRUE,FALSE,FALSE
Cape Verde,CPV,1976,219,17,7.762557077625571,FALSE,FALSE,FALSE,FALSE,FALSE,FALSE
Central African Republic,CAF,2012,21,0,0,FALSE,FALSE,FALSE,TRUE,FALSE,FALSE
Central African Republic,CAF,1997,443,75,16.93002257336343,FALSE,FALSE,FALSE,FALSE,FALSE,FALSE
Central African Republic,CAF,1998,22,3,13.636363636363637,FALSE,FALSE,FALSE,TRUE,FALSE,FALSE
Central African Republic,CAF,2004,320,48,15,FALSE,FALSE,FALSE,FALSE,FALSE,FALSE
Central African Republic,CAF,2005,0,0,NA,FALSE,FALSE,TRUE,FALSE,FALSE,NA
Central African Republic,CAF,2006,0,0,NA,FALSE,FALSE,TRUE,FALSE,FALSE,NA
Central African Republic,CAF,2011,117,15,12.820512820512821,FALSE,FALSE,FALSE,FALSE,FALSE,FALSE
Chad,TCD,1994,1094,43,3.930530164533821,FALSE,FALSE,FALSE,FALSE,FALSE,FALSE
Chad,TCD,1996,7830,448,5.721583652618135,FALSE,FALSE,FALSE,FALSE,FALSE,FALSE
Chad,TCD,1997,8801,443,5.033518918304738,FALSE,FALSE,FALSE,FALSE,FALSE,FALSE
Chad,TCD,1998,4095,144,3.5164835164835164,FALSE,FALSE,FALSE,FALSE,FALSE,FALSE
Chad,TCD,1999,217,18,8.294930875576037,FALSE,FALSE,FALSE,FALSE,FALSE,FALSE
Chad,TCD,2001,5244,226,4.309687261632342,FALSE,FALSE,FALSE,FALSE,FALSE,FALSE
Chad,TCD,2003,55,7,12.727272727272727,FALSE,FALSE,FALSE,TRUE,FALSE,FALSE
Chad,TCD,2004,5531,272,4.917736394865305,FALSE,FALSE,FALSE,FALSE,FALSE,FALSE
Chad,TCD,2005,90,14,15.555555555555555,FALSE,FALSE,FALSE,TRUE,FALSE,FALSE
Chad,TCD,2006,1668,71,4.256594724220624,FALSE,FALSE,FALSE,FALSE,FALSE,FALSE
Chad,TCD,2007,0,0,NA,FALSE,FALSE,TRUE,FALSE,FALSE,NA
Chad,TCD,2009,67,6,8.955223880597014,FALSE,FALSE,FALSE,TRUE,FALSE,FALSE
Chad,TCD,2010,6395,175,2.7365129007036746,FALSE,FALSE,FALSE,FALSE,FALSE,FALSE
Chad,TCD,2011,17267,458,2.6524584467481325,FALSE,FALSE,FALSE,FALSE,FALSE,FALSE
Chad,TCD,2017,1266,86,6.79304897314376,FALSE,FALSE,FALSE,FALSE,FALSE,FALSE
Chad,TCD,2019,93,4,4.301075268817204,FALSE,FALSE,FALSE,TRUE,FALSE,FALSE
Chad,TCD,1991,13915,1344,9.658641753503414,FALSE,FALSE,FALSE,FALSE,FALSE,FALSE
Chad,TCD,1971,8230,2411,29.295261239368166,FALSE,FALSE,FALSE,FALSE,FALSE,FALSE
Chad,TCD,1972,9,3,33.333333333333336,FALSE,FALSE,FALSE,TRUE,TRUE,FALSE
Chad,TCD,1974,338,87,25.7396449704142,FALSE,FALSE,FALSE,FALSE,FALSE,FALSE
Chile,CHL,1991,41,2,4.878048780487805,FALSE,FALSE,FALSE,TRUE,FALSE,FALSE
Chile,CHL,1992,73,1,1.36986301369863,FALSE,FALSE,FALSE,TRUE,FALSE,FALSE
Chile,CHL,1993,32,0,0,FALSE,FALSE,FALSE,TRUE,FALSE,FALSE
Chile,CHL,1994,1,0,0,FALSE,FALSE,FALSE,TRUE,TRUE,FALSE
Chile,CHL,1996,1,0,0,FALSE,FALSE,FALSE,TRUE,TRUE,FALSE
Chile,CHL,1997,4,0,0,FALSE,FALSE,FALSE,TRUE,TRUE,FALSE
Chile,CHL,1998,24,2,8.333333333333334,FALSE,FALSE,FALSE,TRUE,FALSE,FALSE
Chile,CHL,2011,1,0,0,FALSE,FALSE,FALSE,TRUE,TRUE,FALSE
Chile,CHL,2013,2,0,0,FALSE,FALSE,FALSE,TRUE,TRUE,FALSE
Chile,CHL,2014,1,0,0,FALSE,FALSE,FALSE,TRUE,TRUE,FALSE
China,CHN,1980,88,0,0,FALSE,FALSE,FALSE,TRUE,FALSE,FALSE
China,CHN,1987,4,0,0,FALSE,FALSE,FALSE,TRUE,TRUE,FALSE
China,CHN,1988,7267,89,1.2247144626393285,FALSE,FALSE,FALSE,FALSE,FALSE,FALSE
China,CHN,1989,5628,59,1.0483297796730633,FALSE,FALSE,FALSE,FALSE,FALSE,FALSE
China,CHN,1990,644,5,0.7763975155279503,FALSE,FALSE,FALSE,FALSE,FALSE,FALSE
China,CHN,1991,210,0,0,FALSE,FALSE,FALSE,FALSE,FALSE,FALSE
China,CHN,1992,583,1,0.17152658662092624,FALSE,FALSE,FALSE,FALSE,FALSE,FALSE
China,CHN,1993,11673,94,0.8052771352694251,FALSE,FALSE,FALSE,FALSE,FALSE,FALSE
China,CHN,1994,34877,319,0.9146428878630616,FALSE,FALSE,FALSE,FALSE,FALSE,FALSE
China,CHN,1995,10337,88,0.8513108251910613,FALSE,FALSE,FALSE,FALSE,FALSE,FALSE
China,CHN,1996,316,4,1.2658227848101267,FALSE,FALSE,FALSE,FALSE,FALSE,FALSE
China,CHN,1997,1177,29,2.463891248937978,FALSE,FALSE,FALSE,FALSE,FALSE,FALSE
China,CHN,1998,4642,0,0,FALSE,FALSE,FALSE,FALSE,FALSE,FALSE
China,CHN,1999,4589,0,0,FALSE,FALSE,FALSE,FALSE,FALSE,FALSE
China,CHN,2000,1846,3,0.16251354279523295,FALSE,FALSE,FALSE,FALSE,FALSE,FALSE
China,CHN,2001,140,0,0,FALSE,FALSE,FALSE,FALSE,FALSE,FALSE
China,CHN,2003,223,1,0.4484304932735426,FALSE,FALSE,FALSE,FALSE,FALSE,FALSE
China,CHN,2004,244,1,0.4098360655737705,FALSE,FALSE,FALSE,FALSE,FALSE,FALSE
China,CHN,2005,980,4,0.40816326530612246,FALSE,FALSE,FALSE,FALSE,FALSE,FALSE
China,CHN,2006,161,2,1.2422360248447204,FALSE,FALSE,FALSE,FALSE,FALSE,FALSE
China,CHN,2007,168,0,0,FALSE,FALSE,FALSE,FALSE,FALSE,FALSE
China,CHN,2008,174,0,0,FALSE,FALSE,FALSE,FALSE,FALSE,FALSE
China,CHN,2009,85,0,0,FALSE,FALSE,FALSE,TRUE,FALSE,FALSE
China,CHN,2010,157,0,0,FALSE,FALSE,FALSE,FALSE,FALSE,FALSE
China,CHN,2012,77,0,0,FALSE,FALSE,FALSE,TRUE,FALSE,FALSE
China,CHN,2013,53,1,1.8867924528301887,FALSE,FALSE,FALSE,TRUE,FALSE,FALSE
China,CHN,2014,24,0,0,FALSE,FALSE,FALSE,TRUE,FALSE,FALSE
China,CHN,2015,13,0,0,FALSE,FALSE,FALSE,TRUE,FALSE,FALSE
China,CHN,2016,27,0,0,FALSE,FALSE,FALSE,TRUE,FALSE,FALSE
China,CHN,2017,14,0,0,FALSE,FALSE,FALSE,TRUE,FALSE,FALSE
China,CHN,2019,16,0,0,FALSE,FALSE,FALSE,TRUE,FALSE,FALSE
China,CHN,2020,11,0,0,FALSE,FALSE,FALSE,TRUE,FALSE,FALSE
China,CHN,1949,1,1,100,FALSE,FALSE,FALSE,TRUE,TRUE,FALSE
China,CHN,1962,384,24,6.25,FALSE,FALSE,FALSE,FALSE,FALSE,FALSE
China,CHN,1963,1,0,0,FALSE,FALSE,FALSE,TRUE,TRUE,FALSE
China,CHN,1967,1,0,0,FALSE,FALSE,FALSE,TRUE,TRUE,FALSE
China,CHN,1979,85,2,2.3529411764705883,FALSE,FALSE,FALSE,TRUE,FALSE,FALSE
Colombia,COL,1991,11979,207,1.7280240420736288,FALSE,FALSE,FALSE,FALSE,FALSE,FALSE
Colombia,COL,1992,15129,158,1.0443519069337035,FALSE,FALSE,FALSE,FALSE,FALSE,FALSE
Colombia,COL,1993,230,0,0,FALSE,FALSE,FALSE,FALSE,FALSE,FALSE
Colombia,COL,1994,996,14,1.4056224899598393,FALSE,FALSE,FALSE,FALSE,FALSE,FALSE
Colombia,COL,1995,1922,35,1.8210197710718001,FALSE,FALSE,FALSE,FALSE,FALSE,FALSE
Colombia,COL,1996,4428,70,1.5808491418247517,FALSE,FALSE,FALSE,FALSE,FALSE,FALSE
Colombia,COL,1997,1508,32,2.1220159151193636,FALSE,FALSE,FALSE,FALSE,FALSE,FALSE
Colombia,COL,1998,442,7,1.583710407239819,FALSE,FALSE,FALSE,FALSE,FALSE,FALSE
Colombia,COL,1999,42,0,0,FALSE,FALSE,FALSE,TRUE,FALSE,FALSE
Colombia,COL,2004,2,0,0,FALSE,FALSE,FALSE,TRUE,TRUE,FALSE
Comoros,COM,1998,7300,68,0.9315068493150684,FALSE,FALSE,FALSE,FALSE,FALSE,FALSE
Comoros,COM,1999,1180,42,3.559322033898305,FALSE,FALSE,FALSE,FALSE,FALSE,FALSE
Comoros,COM,2000,3297,91,2.760084925690021,FALSE,FALSE,FALSE,FALSE,FALSE,FALSE
Comoros,COM,2001,226,4,1.7699115044247788,FALSE,FALSE,FALSE,FALSE,FALSE,FALSE
Comoros,COM,2002,1567,46,2.935545628589662,FALSE,FALSE,FALSE,FALSE,FALSE,FALSE
Comoros,COM,2003,56,0,0,FALSE,FALSE,FALSE,TRUE,FALSE,FALSE
Comoros,COM,2004,1,0,0,FALSE,FALSE,FALSE,TRUE,TRUE,FALSE
Comoros,COM,2005,0,0,NA,FALSE,FALSE,TRUE,FALSE,FALSE,NA
Comoros,COM,2006,0,0,NA,FALSE,FALSE,TRUE,FALSE,FALSE,NA
Comoros,COM,2007,1555,29,1.864951768488746,FALSE,FALSE,FALSE,FALSE,FALSE,FALSE
Comoros,COM,2008,4,0,0,FALSE,FALSE,FALSE,TRUE,TRUE,FALSE
Comoros,COM,1975,2675,238,8.897196261682243,FALSE,FALSE,FALSE,FALSE,FALSE,FALSE
Comoros,COM,1976,5,1,20,FALSE,FALSE,FALSE,TRUE,TRUE,FALSE
Congo,COG,2009,93,0,0,FALSE,FALSE,FALSE,TRUE,FALSE,FALSE
Congo,COG,2012,1181,37,3.132938187976291,FALSE,FALSE,FALSE,FALSE,FALSE,FALSE
Congo,COG,1997,275,60,21.818181818181817,FALSE,FALSE,FALSE,FALSE,FALSE,FALSE
Congo,COG,1998,3222,22,0.6828057107386716,FALSE,FALSE,FALSE,FALSE,FALSE,FALSE
Congo,COG,1999,4813,20,0.415541242468315,FALSE,FALSE,FALSE,FALSE,FALSE,FALSE
Congo,COG,2000,9,2,22.22222222222222,FALSE,FALSE,FALSE,TRUE,TRUE,FALSE
Congo,COG,2005,0,0,NA,FALSE,FALSE,TRUE,FALSE,FALSE,NA
Congo,COG,2006,175,10,5.714285714285714,FALSE,FALSE,FALSE,FALSE,FALSE,FALSE
Congo,COG,2007,7785,133,1.7084136159280667,FALSE,FALSE,FALSE,FALSE,FALSE,FALSE
Congo,COG,2008,156,4,2.5641025641025643,FALSE,FALSE,FALSE,FALSE,FALSE,FALSE
Congo,COG,2013,1624,221,13.608374384236454,FALSE,FALSE,FALSE,FALSE,FALSE,FALSE
Congo,COG,2016,15,2,13.333333333333334,FALSE,FALSE,FALSE,TRUE,FALSE,FALSE
Congo,COG,2018,60,3,5,FALSE,FALSE,FALSE,TRUE,FALSE,FALSE
Congo,COG,1978,51,14,27.45098039215686,FALSE,FALSE,FALSE,TRUE,FALSE,FALSE
Congo,COG,1979,5,0,0,FALSE,FALSE,FALSE,TRUE,TRUE,FALSE
Costa Rica,CRI,1992,12,0,0,FALSE,FALSE,FALSE,TRUE,FALSE,FALSE
Costa Rica,CRI,1993,14,0,0,FALSE,FALSE,FALSE,TRUE,FALSE,FALSE
Costa Rica,CRI,1994,38,0,0,FALSE,FALSE,FALSE,TRUE,FALSE,FALSE
Costa Rica,CRI,1995,24,0,0,FALSE,FALSE,FALSE,TRUE,FALSE,FALSE
Costa Rica,CRI,1996,19,1,5.2631578947368425,FALSE,FALSE,FALSE,TRUE,FALSE,FALSE
Costa Rica,CRI,1997,1,0,0,FALSE,FALSE,FALSE,TRUE,TRUE,FALSE
Cote d'Ivoire,CIV,2010,32,0,0,FALSE,FALSE,FALSE,TRUE,FALSE,FALSE
Cote d'Ivoire,CIV,2011,1261,24,1.9032513877874702,FALSE,FALSE,FALSE,FALSE,FALSE,FALSE
Cote d'Ivoire,CIV,2012,424,19,4.481132075471698,FALSE,FALSE,FALSE,FALSE,FALSE,FALSE
Cote d'Ivoire,CIV,2013,56,2,3.5714285714285716,FALSE,FALSE,FALSE,TRUE,FALSE,FALSE
Cote d'Ivoire,CIV,2014,235,12,5.1063829787234045,FALSE,FALSE,FALSE,FALSE,FALSE,FALSE
Cote d'Ivoire,CIV,2015,199,6,3.0150753768844223,FALSE,FALSE,FALSE,FALSE,FALSE,FALSE
Cote d'Ivoire,CIV,1982,34,0,0,FALSE,FALSE,FALSE,TRUE,FALSE,FALSE
Cote d'Ivoire,CIV,1994,1108,55,4.963898916967509,FALSE,FALSE,FALSE,FALSE,FALSE,FALSE
Cote d'Ivoire,CIV,1995,4993,184,3.685159222912077,FALSE,FALSE,FALSE,FALSE,FALSE,FALSE
Cote d'Ivoire,CIV,1996,1345,22,1.6356877323420074,FALSE,FALSE,FALSE,FALSE,FALSE,FALSE
Cote d'Ivoire,CIV,2001,5912,305,5.158998646820027,FALSE,FALSE,FALSE,FALSE,FALSE,FALSE
Cote d'Ivoire,CIV,2002,4188,143,3.414517669531996,FALSE,FALSE,FALSE,FALSE,FALSE,FALSE
Cote d'Ivoire,CIV,2003,1034,50,4.835589941972921,FALSE,FALSE,FALSE,FALSE,FALSE,FALSE
Cote d'Ivoire,CIV,2004,105,9,8.571428571428571,FALSE,FALSE,FALSE,FALSE,FALSE,FALSE
Cote d'Ivoire,CIV,2005,39,6,15.384615384615385,FALSE,FALSE,FALSE,TRUE,FALSE,FALSE
Cote d'Ivoire,CIV,2006,414,15,3.6231884057971016,FALSE,FALSE,FALSE,FALSE,FALSE,FALSE
Cote d'Ivoire,CIV,2007,8,1,12.5,FALSE,FALSE,FALSE,TRUE,TRUE,FALSE
Cote d'Ivoire,CIV,2008,7,1,14.285714285714286,FALSE,FALSE,FALSE,TRUE,TRUE,FALSE
Cote d'Ivoire,CIV,2009,5,2,40,FALSE,FALSE,FALSE,TRUE,TRUE,FALSE
Cote d'Ivoire,CIV,1991,604,116,19.205298013245034,FALSE,FALSE,FALSE,FALSE,FALSE,FALSE
Cote d'Ivoire,CIV,1992,37,7,18.91891891891892,FALSE,FALSE,FALSE,TRUE,FALSE,FALSE
Cote d'Ivoire,CIV,1993,724,42,5.801104972375691,FALSE,FALSE,FALSE,FALSE,FALSE,FALSE
Cote d'Ivoire,CIV,2021,12,0,0,FALSE,FALSE,FALSE,TRUE,FALSE,FALSE
Cote d'Ivoire,CIV,1970,868,39,4.493087557603687,FALSE,FALSE,FALSE,FALSE,FALSE,FALSE
Cote d'Ivoire,CIV,1971,668,9,1.347305389221557,FALSE,FALSE,FALSE,FALSE,FALSE,FALSE
Cote d'Ivoire,CIV,1979,3,0,0,FALSE,FALSE,FALSE,TRUE,TRUE,FALSE
Cuba,CUB,2012,417,3,0.7194244604316546,FALSE,FALSE,FALSE,FALSE,FALSE,FALSE
Cuba,CUB,2013,181,0,0,FALSE,FALSE,FALSE,FALSE,FALSE,FALSE
Cuba,CUB,2014,76,0,0,FALSE,FALSE,FALSE,TRUE,FALSE,FALSE
Cuba,CUB,2015,65,0,0,FALSE,FALSE,FALSE,TRUE,FALSE,FALSE
Czechia,CZE,1970,4,1,25,FALSE,FALSE,FALSE,TRUE,TRUE,FALSE
Democratic Republic of Congo,COD,2008,30150,548,1.8175787728026533,FALSE,FALSE,FALSE,FALSE,FALSE,FALSE
Democratic Republic of Congo,COD,1980,1051,81,7.706945765937203,FALSE,FALSE,FALSE,FALSE,FALSE,FALSE
Democratic Republic of Congo,COD,1981,2379,800,33.62757461118117,FALSE,FALSE,FALSE,FALSE,FALSE,FALSE
Democratic Republic of Congo,COD,1982,10328,693,6.709914794732765,FALSE,FALSE,FALSE,FALSE,FALSE,FALSE
Democratic Republic of Congo,COD,1983,2977,245,8.229761504870675,FALSE,FALSE,FALSE,FALSE,FALSE,FALSE
Democratic Republic of Congo,COD,1984,162,3,1.8518518518518519,FALSE,FALSE,FALSE,FALSE,FALSE,FALSE
Democratic Republic of Congo,COD,1985,740,30,4.054054054054054,FALSE,FALSE,FALSE,FALSE,FALSE,FALSE
Democratic Republic of Congo,COD,1986,1059,125,11.803588290840416,FALSE,FALSE,FALSE,FALSE,FALSE,FALSE
Democratic Republic of Congo,COD,1987,1150,218,18.956521739130434,FALSE,FALSE,FALSE,FALSE,FALSE,FALSE
Democratic Republic of Congo,COD,1988,295,32,10.847457627118644,FALSE,FALSE,FALSE,FALSE,FALSE,FALSE
Democratic Republic of Congo,COD,1989,99,6,6.0606060606060606,FALSE,FALSE,FALSE,TRUE,FALSE,FALSE
Democratic Republic of Congo,COD,1991,4066,294,7.230693556320708,FALSE,FALSE,FALSE,FALSE,FALSE,FALSE
Democratic Republic of Congo,COD,1992,1949,59,3.0271934325295025,FALSE,FALSE,FALSE,FALSE,FALSE,FALSE
Democratic Republic of Congo,COD,1993,986,175,17.748478701825558,FALSE,FALSE,FALSE,FALSE,FALSE,FALSE
Democratic Republic of Congo,COD,1994,58057,4181,7.201543310884131,FALSE,FALSE,FALSE,FALSE,FALSE,FALSE
Democratic Republic of Congo,COD,1995,553,22,3.9783001808318263,FALSE,FALSE,FALSE,FALSE,FALSE,FALSE
Democratic Republic of Congo,COD,1996,7886,638,8.090286583819427,FALSE,FALSE,FALSE,FALSE,FALSE,FALSE
Democratic Republic of Congo,COD,1997,2421,326,13.465510119785213,FALSE,FALSE,FALSE,FALSE,FALSE,FALSE
Democratic Republic of Congo,COD,1998,34899,2926,8.384194389524055,FALSE,FALSE,FALSE,FALSE,FALSE,FALSE
Democratic Republic of Congo,COD,1999,12711,783,6.160018881283928,FALSE,FALSE,FALSE,FALSE,FALSE,FALSE
Democratic Republic of Congo,COD,2000,14995,941,6.275425141713905,FALSE,FALSE,FALSE,FALSE,FALSE,FALSE
Democratic Republic of Congo,COD,2001,5728,390,6.808659217877095,FALSE,FALSE,FALSE,FALSE,FALSE,FALSE
Democratic Republic of Congo,COD,2002,31658,1979,6.251184534714764,FALSE,FALSE,FALSE,FALSE,FALSE,FALSE
Democratic Republic of Congo,COD,2003,27272,989,3.6264300381343504,FALSE,FALSE,FALSE,FALSE,FALSE,FALSE
Democratic Republic of Congo,COD,2004,7665,228,2.974559686888454,FALSE,FALSE,FALSE,FALSE,FALSE,FALSE
Democratic Republic of Congo,COD,2005,13430,244,1.8168279970215935,FALSE,FALSE,FALSE,FALSE,FALSE,FALSE
Democratic Republic of Congo,COD,2006,20642,426,2.0637535122565644,FALSE,FALSE,FALSE,FALSE,FALSE,FALSE
Democratic Republic of Congo,COD,2007,28269,600,2.1224663058473947,FALSE,FALSE,FALSE,FALSE,FALSE,FALSE
Democratic Republic of Congo,COD,2009,22899,237,1.0349796934363946,FALSE,FALSE,FALSE,FALSE,FALSE,FALSE
Democratic Republic of Congo,COD,2010,13884,182,1.3108614232209739,FALSE,FALSE,FALSE,FALSE,FALSE,FALSE
Democratic Republic of Congo,COD,2011,21700,584,2.6912442396313363,FALSE,FALSE,FALSE,FALSE,FALSE,FALSE
Democratic Republic of Congo,COD,2012,33661,819,2.4330827961141974,FALSE,FALSE,FALSE,FALSE,FALSE,FALSE
Democratic Republic of Congo,COD,2013,26944,491,1.8222980997624703,FALSE,FALSE,FALSE,FALSE,FALSE,FALSE
Democratic Republic of Congo,COD,2014,22203,372,1.6754492636130254,FALSE,FALSE,FALSE,FALSE,FALSE,FALSE
Democratic Republic of Congo,COD,2015,19182,276,1.4388489208633093,FALSE,FALSE,FALSE,FALSE,FALSE,FALSE
Democratic Republic of Congo,COD,2016,28093,759,2.7017406471362975,FALSE,FALSE,FALSE,FALSE,FALSE,FALSE
Democratic Republic of Congo,COD,2017,56190,1190,2.1178145577504894,FALSE,FALSE,FALSE,FALSE,FALSE,FALSE
Democratic Republic of Congo,COD,2018,30768,972,3.159126365054602,FALSE,FALSE,FALSE,FALSE,FALSE,FALSE
Democratic Republic of Congo,COD,2019,30304,514,1.6961457233368533,FALSE,FALSE,FALSE,FALSE,FALSE,FALSE
Democratic Republic of Congo,COD,2020,19789,354,1.7888726059932285,FALSE,FALSE,FALSE,FALSE,FALSE,FALSE
Democratic Republic of Congo,COD,1990,468,61,13.034188034188034,FALSE,FALSE,FALSE,FALSE,FALSE,FALSE
Democratic Republic of Congo,COD,2021,12103,209,1.7268445839874411,FALSE,FALSE,FALSE,FALSE,FALSE,FALSE
Democratic Republic of Congo,COD,1978,3481,183,5.257110025854639,FALSE,FALSE,FALSE,FALSE,FALSE,FALSE
Democratic Republic of Congo,COD,1979,5515,511,9.265639165911152,FALSE,FALSE,FALSE,FALSE,FALSE,FALSE
Denmark,DNK,1990,1,0,0,FALSE,FALSE,FALSE,TRUE,TRUE,FALSE
Denmark,DNK,1993,2,0,0,FALSE,FALSE,FALSE,TRUE,TRUE,FALSE
Denmark,DNK,1994,2,0,0,FALSE,FALSE,FALSE,TRUE,TRUE,FALSE
Denmark,DNK,1995,3,0,0,FALSE,FALSE,FALSE,TRUE,TRUE,FALSE
Denmark,DNK,2004,1,0,0,FALSE,FALSE,FALSE,TRUE,TRUE,FALSE
Denmark,DNK,2008,1,0,0,FALSE,FALSE,FALSE,TRUE,TRUE,FALSE
Denmark,DNK,2016,1,0,0,FALSE,FALSE,FALSE,TRUE,TRUE,FALSE
Djibouti,DJI,1993,10055,99,0.9845847836897066,FALSE,FALSE,FALSE,FALSE,FALSE,FALSE
Djibouti,DJI,1994,1122,15,1.3368983957219251,FALSE,FALSE,FALSE,FALSE,FALSE,FALSE
Djibouti,DJI,1997,2424,50,2.062706270627063,FALSE,FALSE,FALSE,FALSE,FALSE,FALSE
Djibouti,DJI,1998,164,3,1.829268292682927,FALSE,FALSE,FALSE,FALSE,FALSE,FALSE
Djibouti,DJI,2000,1828,32,1.75054704595186,FALSE,FALSE,FALSE,FALSE,FALSE,FALSE
Djibouti,DJI,2007,1087,27,2.483900643974241,FALSE,FALSE,FALSE,FALSE,FALSE,FALSE
Djibouti,DJI,2010,2047,19,0.9281875915974597,FALSE,FALSE,FALSE,FALSE,FALSE,FALSE
Djibouti,DJI,2011,127,1,0.7874015748031497,FALSE,FALSE,FALSE,FALSE,FALSE,FALSE
Djibouti,DJI,1985,115,7,6.086956521739131,FALSE,FALSE,FALSE,FALSE,FALSE,FALSE
Djibouti,DJI,1970,6,3,50,FALSE,FALSE,FALSE,TRUE,TRUE,FALSE
Djibouti,DJI,1971,440,81,18.40909090909091,FALSE,FALSE,FALSE,FALSE,FALSE,FALSE
Djibouti,DJI,1972,8,3,37.5,FALSE,FALSE,FALSE,TRUE,TRUE,FALSE
Djibouti,DJI,1976,2,0,0,FALSE,FALSE,FALSE,TRUE,TRUE,FALSE
Djibouti,DJI,1977,2,0,0,FALSE,FALSE,FALSE,TRUE,TRUE,FALSE
Djibouti,DJI,1978,3,2,66.66666666666667,FALSE,FALSE,FALSE,TRUE,TRUE,FALSE
Dominican Republic,DOM,2010,191,0,0,FALSE,FALSE,FALSE,FALSE,FALSE,FALSE
Dominican Republic,DOM,2011,20851,336,1.6114335043882788,FALSE,FALSE,FALSE,FALSE,FALSE,FALSE
Dominican Republic,DOM,2012,7919,68,0.8586942795807552,FALSE,FALSE,FALSE,FALSE,FALSE,FALSE
Dominican Republic,DOM,2013,1954,42,2.1494370522006143,FALSE,FALSE,FALSE,FALSE,FALSE,FALSE
Dominican Republic,DOM,2014,603,11,1.824212271973466,FALSE,FALSE,FALSE,FALSE,FALSE,FALSE
Dominican Republic,DOM,2015,546,15,2.7472527472527473,FALSE,FALSE,FALSE,FALSE,FALSE,FALSE
Dominican Republic,DOM,2016,1159,27,2.3295944779982745,FALSE,FALSE,FALSE,FALSE,FALSE,FALSE
Dominican Republic,DOM,2017,122,4,3.278688524590164,FALSE,FALSE,FALSE,FALSE,FALSE,FALSE
Dominican Republic,DOM,2018,118,1,0.847457627118644,FALSE,FALSE,FALSE,FALSE,FALSE,FALSE
Dominican Republic,DOM,2019,13,0,0,FALSE,FALSE,FALSE,TRUE,FALSE,FALSE
Ecuador,ECU,1991,46320,697,1.5047495682210708,FALSE,FALSE,FALSE,FALSE,FALSE,FALSE
Ecuador,ECU,1992,31870,208,0.6526513962974584,FALSE,FALSE,FALSE,FALSE,FALSE,FALSE
Ecuador,ECU,1993,6833,72,1.053709937070101,FALSE,FALSE,FALSE,FALSE,FALSE,FALSE
Ecuador,ECU,1994,1785,16,0.896358543417367,FALSE,FALSE,FALSE,FALSE,FALSE,FALSE
Ecuador,ECU,1995,2160,23,1.0648148148148149,FALSE,FALSE,FALSE,FALSE,FALSE,FALSE
Ecuador,ECU,1996,1059,12,1.13314447592068,FALSE,FALSE,FALSE,FALSE,FALSE,FALSE
Ecuador,ECU,1997,65,3,4.615384615384615,FALSE,FALSE,FALSE,TRUE,FALSE,FALSE
Ecuador,ECU,1998,3724,37,0.9935553168635876,FALSE,FALSE,FALSE,FALSE,FALSE,FALSE
Ecuador,ECU,1999,90,0,0,FALSE,FALSE,FALSE,TRUE,FALSE,FALSE
Ecuador,ECU,2000,27,1,3.7037037037037037,FALSE,FALSE,FALSE,TRUE,FALSE,FALSE
Ecuador,ECU,2001,9,0,0,FALSE,FALSE,FALSE,TRUE,TRUE,FALSE
Ecuador,ECU,2004,5,0,0,FALSE,FALSE,FALSE,TRUE,TRUE,FALSE
El Salvador,SLV,1991,947,34,3.5902851108764517,FALSE,FALSE,FALSE,FALSE,FALSE,FALSE
El Salvador,SLV,1992,8717,45,0.5162326488470804,FALSE,FALSE,FALSE,FALSE,FALSE,FALSE
El Salvador,SLV,1993,6573,14,0.21299254526091588,FALSE,FALSE,FALSE,FALSE,FALSE,FALSE
El Salvador,SLV,1994,11745,38,0.32354193273733506,FALSE,FALSE,FALSE,FALSE,FALSE,FALSE
El Salvador,SLV,1995,2923,2,0.06842285323297982,FALSE,FALSE,FALSE,FALSE,FALSE,FALSE
El Salvador,SLV,1996,182,2,1.098901098901099,FALSE,FALSE,FALSE,FALSE,FALSE,FALSE
El Salvador,SLV,1998,8,0,0,FALSE,FALSE,FALSE,TRUE,TRUE,FALSE
El Salvador,SLV,1999,134,0,0,FALSE,FALSE,FALSE,FALSE,FALSE,FALSE
El Salvador,SLV,2000,631,2,0.31695721077654515,FALSE,FALSE,FALSE,FALSE,FALSE,FALSE
Equatorial Guinea,GNQ,1984,404,31,7.673267326732673,FALSE,FALSE,FALSE,FALSE,FALSE,FALSE
Equatorial Guinea,GNQ,1985,108,1,0.9259259259259259,FALSE,FALSE,FALSE,FALSE,FALSE,FALSE
Equatorial Guinea,GNQ,2004,59,1,1.694915254237288,FALSE,FALSE,FALSE,TRUE,FALSE,FALSE
Equatorial Guinea,GNQ,2005,6391,33,0.5163511187607573,FALSE,FALSE,FALSE,FALSE,FALSE,FALSE
Equatorial Guinea,GNQ,2006,0,0,NA,FALSE,FALSE,TRUE,FALSE,FALSE,NA
Eritrea,ERI,2005,0,0,NA,FALSE,FALSE,TRUE,FALSE,FALSE,NA
Eritrea,ERI,2006,0,0,NA,FALSE,FALSE,TRUE,FALSE,FALSE,NA
Eritrea,ERI,2007,119,9,7.563025210084033,FALSE,FALSE,FALSE,FALSE,FALSE,FALSE
Eritrea,ERI,2008,1,0,0,FALSE,FALSE,FALSE,TRUE,TRUE,FALSE
Estonia,EST,1993,2,0,0,FALSE,FALSE,FALSE,TRUE,TRUE,FALSE
Eswatini,SWZ,1982,538,13,2.41635687732342,FALSE,FALSE,FALSE,FALSE,FALSE,FALSE
Eswatini,SWZ,1992,2281,30,1.31521262604121,FALSE,FALSE,FALSE,FALSE,FALSE,FALSE
Eswatini,SWZ,1996,2,0,0,FALSE,FALSE,FALSE,TRUE,TRUE,FALSE
Eswatini,SWZ,1998,7,0,0,FALSE,FALSE,FALSE,TRUE,TRUE,FALSE
Eswatini,SWZ,1999,7,0,0,FALSE,FALSE,FALSE,TRUE,TRUE,FALSE
Eswatini,SWZ,2000,141,16,11.347517730496454,FALSE,FALSE,FALSE,FALSE,FALSE,FALSE
Eswatini,SWZ,2001,5612,107,1.9066286528866714,FALSE,FALSE,FALSE,FALSE,FALSE,FALSE
Eswatini,SWZ,2002,134,2,1.492537313432836,FALSE,FALSE,FALSE,FALSE,FALSE,FALSE
Eswatini,SWZ,2003,32,13,40.625,FALSE,FALSE,FALSE,TRUE,FALSE,FALSE
Eswatini,SWZ,2004,1075,16,1.4883720930232558,FALSE,FALSE,FALSE,FALSE,FALSE,FALSE
Eswatini,SWZ,2005,0,0,NA,FALSE,FALSE,TRUE,FALSE,FALSE,NA
Eswatini,SWZ,2006,18,0,0,FALSE,FALSE,FALSE,TRUE,FALSE,FALSE
Eswatini,SWZ,2007,0,0,NA,FALSE,FALSE,TRUE,FALSE,FALSE,NA
Eswatini,SWZ,2008,1,0,0,FALSE,FALSE,FALSE,TRUE,TRUE,FALSE
Eswatini,SWZ,2009,19,0,0,FALSE,FALSE,FALSE,TRUE,FALSE,FALSE
Eswatini,SWZ,1981,238,17,7.142857142857143,FALSE,FALSE,FALSE,FALSE,FALSE,FALSE
Ethiopia,ETH,1982,0,0,NA,FALSE,FALSE,TRUE,FALSE,FALSE,NA
Ethiopia,ETH,2004,16,0,0,FALSE,FALSE,FALSE,TRUE,FALSE,FALSE
Ethiopia,ETH,2005,0,0,NA,FALSE,FALSE,TRUE,FALSE,FALSE,NA
Ethiopia,ETH,2006,54070,575,1.0634362862955429,FALSE,FALSE,FALSE,FALSE,FALSE,FALSE
Ethiopia,ETH,2007,24121,272,1.1276481074582314,FALSE,FALSE,FALSE,FALSE,FALSE,FALSE
Ethiopia,ETH,2008,3862,23,0.5955463490419471,FALSE,FALSE,FALSE,FALSE,FALSE,FALSE
Ethiopia,ETH,2009,31509,434,1.3773842394236568,FALSE,FALSE,FALSE,FALSE,FALSE,FALSE
Ethiopia,ETH,2010,1682,21,1.2485136741973841,FALSE,FALSE,FALSE,FALSE,FALSE,FALSE
Ethiopia,ETH,2019,2615,36,1.3766730401529637,FALSE,FALSE,FALSE,FALSE,FALSE,FALSE
Ethiopia,ETH,2020,12226,176,1.439555046621953,FALSE,FALSE,FALSE,FALSE,FALSE,FALSE
Ethiopia,ETH,2021,674,7,1.0385756676557865,FALSE,FALSE,FALSE,FALSE,FALSE,FALSE
Ethiopia,ETH,1970,850,72,8.470588235294118,FALSE,FALSE,FALSE,FALSE,FALSE,FALSE
Ethiopia,ETH,1971,2187,124,5.66986739826246,FALSE,FALSE,FALSE,FALSE,FALSE,FALSE
Finland,FIN,1995,1,0,0,FALSE,FALSE,FALSE,TRUE,TRUE,FALSE
Finland,FIN,2005,1,0,0,FALSE,FALSE,FALSE,TRUE,TRUE,FALSE
Finland,FIN,2008,1,0,0,FALSE,FALSE,FALSE,TRUE,TRUE,FALSE
France,FRA,1980,1,0,0,FALSE,FALSE,FALSE,TRUE,TRUE,FALSE
France,FRA,1982,18,0,0,FALSE,FALSE,FALSE,TRUE,FALSE,FALSE
France,FRA,1983,3,0,0,FALSE,FALSE,FALSE,TRUE,TRUE,FALSE
France,FRA,1984,1,0,0,FALSE,FALSE,FALSE,TRUE,TRUE,FALSE
France,FRA,1986,37,0,0,FALSE,FALSE,FALSE,TRUE,FALSE,FALSE
France,FRA,1987,7,0,0,FALSE,FALSE,FALSE,TRUE,TRUE,FALSE
France,FRA,1990,6,1,16.666666666666668,FALSE,FALSE,FALSE,TRUE,TRUE,FALSE
France,FRA,1991,7,0,0,FALSE,FALSE,FALSE,TRUE,TRUE,FALSE
France,FRA,1993,5,0,0,FALSE,FALSE,FALSE,TRUE,TRUE,FALSE
France,FRA,1994,4,0,0,FALSE,FALSE,FALSE,TRUE,TRUE,FALSE
France,FRA,1995,6,0,0,FALSE,FALSE,FALSE,TRUE,TRUE,FALSE
France,FRA,1996,8,0,0,FALSE,FALSE,FALSE,TRUE,TRUE,FALSE
France,FRA,1997,3,0,0,FALSE,FALSE,FALSE,TRUE,TRUE,FALSE
France,FRA,1998,2,0,0,FALSE,FALSE,FALSE,TRUE,TRUE,FALSE
France,FRA,2000,5,0,0,FALSE,FALSE,FALSE,TRUE,TRUE,FALSE
France,FRA,2006,2,0,0,FALSE,FALSE,FALSE,TRUE,TRUE,FALSE
France,FRA,2007,4,0,0,FALSE,FALSE,FALSE,TRUE,TRUE,FALSE
France,FRA,2008,2,0,0,FALSE,FALSE,FALSE,TRUE,TRUE,FALSE
France,FRA,2009,1,0,0,FALSE,FALSE,FALSE,TRUE,TRUE,FALSE
France,FRA,2011,1,0,0,FALSE,FALSE,FALSE,TRUE,TRUE,FALSE
France,FRA,2014,1,0,0,FALSE,FALSE,FALSE,TRUE,TRUE,FALSE
France,FRA,2015,1,0,0,FALSE,FALSE,FALSE,TRUE,TRUE,FALSE
France,FRA,1970,1,0,0,FALSE,FALSE,FALSE,TRUE,TRUE,FALSE
France,FRA,1971,3,0,0,FALSE,FALSE,FALSE,TRUE,TRUE,FALSE
France,FRA,1973,4,0,0,FALSE,FALSE,FALSE,TRUE,TRUE,FALSE
France,FRA,1974,5,0,0,FALSE,FALSE,FALSE,TRUE,TRUE,FALSE
France,FRA,1975,9,0,0,FALSE,FALSE,FALSE,TRUE,TRUE,FALSE
France,FRA,1976,5,0,0,FALSE,FALSE,FALSE,TRUE,TRUE,FALSE
France,FRA,1979,8,0,0,FALSE,FALSE,FALSE,TRUE,TRUE,FALSE
Gabon,GAB,1981,7,0,0,FALSE,FALSE,FALSE,TRUE,TRUE,FALSE
Gabon,GAB,2003,629,0,0,FALSE,FALSE,FALSE,FALSE,FALSE,FALSE
Gabon,GAB,2005,0,0,NA,FALSE,FALSE,TRUE,FALSE,FALSE,NA
Gabon,GAB,2006,0,0,NA,FALSE,FALSE,TRUE,FALSE,FALSE,NA
Gabon,GAB,2008,2,0,0,FALSE,FALSE,FALSE,TRUE,TRUE,FALSE
Gabon,GAB,1979,5,2,40,FALSE,FALSE,FALSE,TRUE,TRUE,FALSE
Gambia,GMB,1985,2,0,0,FALSE,FALSE,FALSE,TRUE,TRUE,FALSE
Gambia,GMB,1994,1,0,0,FALSE,FALSE,FALSE,TRUE,TRUE,FALSE
Gambia,GMB,1995,15,0,0,FALSE,FALSE,FALSE,TRUE,FALSE,FALSE
Gambia,GMB,1996,7,0,0,FALSE,FALSE,FALSE,TRUE,TRUE,FALSE
Gambia,GMB,2005,214,13,6.074766355140187,FALSE,FALSE,FALSE,FALSE,FALSE,FALSE
Gambia,GMB,2006,0,0,NA,FALSE,FALSE,TRUE,FALSE,FALSE,NA
Gambia,GMB,2007,12,1,8.333333333333334,FALSE,FALSE,FALSE,TRUE,FALSE,FALSE
Gambia,GMB,2008,1,0,0,FALSE,FALSE,FALSE,TRUE,TRUE,FALSE
Georgia,GEO,1993,8,0,0,FALSE,FALSE,FALSE,TRUE,TRUE,FALSE
Germany,DEU,1980,4,0,0,FALSE,FALSE,FALSE,TRUE,TRUE,FALSE
Germany,DEU,1981,4,0,0,FALSE,FALSE,FALSE,TRUE,TRUE,FALSE
Germany,DEU,1982,1,0,0,FALSE,FALSE,FALSE,TRUE,TRUE,FALSE
Germany,DEU,1986,2,0,0,FALSE,FALSE,FALSE,TRUE,TRUE,FALSE
Germany,DEU,1988,2,0,0,FALSE,FALSE,FALSE,TRUE,TRUE,FALSE
Germany,DEU,1989,1,0,0,FALSE,FALSE,FALSE,TRUE,TRUE,FALSE
Germany,DEU,1990,1,0,0,FALSE,FALSE,FALSE,TRUE,TRUE,FALSE
Germany,DEU,1992,1,0,0,FALSE,FALSE,FALSE,TRUE,TRUE,FALSE
Germany,DEU,1993,1,0,0,FALSE,FALSE,FALSE,TRUE,TRUE,FALSE
Germany,DEU,1994,5,0,0,FALSE,FALSE,FALSE,TRUE,TRUE,FALSE
Germany,DEU,1995,1,0,0,FALSE,FALSE,FALSE,TRUE,TRUE,FALSE
Germany,DEU,1997,2,0,0,FALSE,FALSE,FALSE,TRUE,TRUE,FALSE
Germany,DEU,1999,3,0,0,FALSE,FALSE,FALSE,TRUE,TRUE,FALSE
Germany,DEU,2004,3,0,0,FALSE,FALSE,FALSE,TRUE,TRUE,FALSE
Germany,DEU,2006,1,0,0,FALSE,FALSE,FALSE,TRUE,TRUE,FALSE
Germany,DEU,2007,2,0,0,FALSE,FALSE,FALSE,TRUE,TRUE,FALSE
Germany,DEU,2010,4,1,25,FALSE,FALSE,FALSE,TRUE,TRUE,FALSE
Germany,DEU,2011,4,0,0,FALSE,FALSE,FALSE,TRUE,TRUE,FALSE
Germany,DEU,2014,1,0,0,FALSE,FALSE,FALSE,TRUE,TRUE,FALSE
Germany,DEU,1971,1,0,0,FALSE,FALSE,FALSE,TRUE,TRUE,FALSE
Germany,DEU,1972,2,0,0,FALSE,FALSE,FALSE,TRUE,TRUE,FALSE
Germany,DEU,1973,6,0,0,FALSE,FALSE,FALSE,TRUE,TRUE,FALSE
Germany,DEU,1974,3,0,0,FALSE,FALSE,FALSE,TRUE,TRUE,FALSE
Germany,DEU,1976,2,0,0,FALSE,FALSE,FALSE,TRUE,TRUE,FALSE
Germany,DEU,1977,1,0,0,FALSE,FALSE,FALSE,TRUE,TRUE,FALSE
Ghana,GHA,2008,1223,25,2.044153720359771,FALSE,FALSE,FALSE,FALSE,FALSE,FALSE
Ghana,GHA,2009,1294,9,0.6955177743431221,FALSE,FALSE,FALSE,FALSE,FALSE,FALSE
Ghana,GHA,2010,438,3,0.684931506849315,FALSE,FALSE,FALSE,FALSE,FALSE,FALSE
Ghana,GHA,2011,10628,105,0.9879563417388032,FALSE,FALSE,FALSE,FALSE,FALSE,FALSE
Ghana,GHA,2012,9548,100,1.0473397570171763,FALSE,FALSE,FALSE,FALSE,FALSE,FALSE
Ghana,GHA,2013,50,0,0,FALSE,FALSE,FALSE,TRUE,FALSE,FALSE
Ghana,GHA,2014,28944,243,0.8395522388059702,FALSE,FALSE,FALSE,FALSE,FALSE,FALSE
Ghana,GHA,2015,692,8,1.1560693641618498,FALSE,FALSE,FALSE,FALSE,FALSE,FALSE
Ghana,GHA,2016,175,0,0,FALSE,FALSE,FALSE,FALSE,FALSE,FALSE
Ghana,GHA,1980,260,21,8.076923076923077,FALSE,FALSE,FALSE,FALSE,FALSE,FALSE
Ghana,GHA,1981,943,62,6.574761399787911,FALSE,FALSE,FALSE,FALSE,FALSE,FALSE
Ghana,GHA,1982,11051,1225,11.084969686001267,FALSE,FALSE,FALSE,FALSE,FALSE,FALSE
Ghana,GHA,1983,14160,819,5.783898305084746,FALSE,FALSE,FALSE,FALSE,FALSE,FALSE
Ghana,GHA,1984,1015,92,9.064039408866995,FALSE,FALSE,FALSE,FALSE,FALSE,FALSE
Ghana,GHA,1985,60,0,0,FALSE,FALSE,FALSE,TRUE,FALSE,FALSE
Ghana,GHA,1990,2937,60,2.0429009193054135,FALSE,FALSE,FALSE,FALSE,FALSE,FALSE
Ghana,GHA,1991,13172,409,3.10507136349833,FALSE,FALSE,FALSE,FALSE,FALSE,FALSE
Ghana,GHA,1992,228,23,10.087719298245615,FALSE,FALSE,FALSE,FALSE,FALSE,FALSE
Ghana,GHA,1993,1448,38,2.6243093922651934,FALSE,FALSE,FALSE,FALSE,FALSE,FALSE
Ghana,GHA,1994,2267,54,2.3820026466696076,FALSE,FALSE,FALSE,FALSE,FALSE,FALSE
Ghana,GHA,1995,4698,93,1.9795657726692208,FALSE,FALSE,FALSE,FALSE,FALSE,FALSE
Ghana,GHA,1996,1665,70,4.2042042042042045,FALSE,FALSE,FALSE,FALSE,FALSE,FALSE
Ghana,GHA,1997,379,12,3.1662269129287597,FALSE,FALSE,FALSE,FALSE,FALSE,FALSE
Ghana,GHA,1998,3426,108,3.1523642732049035,FALSE,FALSE,FALSE,FALSE,FALSE,FALSE
Ghana,GHA,1999,9432,260,2.75657336726039,FALSE,FALSE,FALSE,FALSE,FALSE,FALSE
Ghana,GHA,2000,3331,74,2.2215550885619932,FALSE,FALSE,FALSE,FALSE,FALSE,FALSE
Ghana,GHA,2001,5487,160,2.9159832330964095,FALSE,FALSE,FALSE,FALSE,FALSE,FALSE
Ghana,GHA,2002,3614,65,1.7985611510791366,FALSE,FALSE,FALSE,FALSE,FALSE,FALSE
Ghana,GHA,2003,204,4,1.9607843137254901,FALSE,FALSE,FALSE,FALSE,FALSE,FALSE
Ghana,GHA,2004,407,6,1.4742014742014742,FALSE,FALSE,FALSE,FALSE,FALSE,FALSE
Ghana,GHA,2005,3166,51,1.6108654453569173,FALSE,FALSE,FALSE,FALSE,FALSE,FALSE
Ghana,GHA,2006,3357,107,3.187369675305332,FALSE,FALSE,FALSE,FALSE,FALSE,FALSE
Ghana,GHA,2007,179,18,10.05586592178771,FALSE,FALSE,FALSE,FALSE,FALSE,FALSE
Ghana,GHA,2019,1,0,0,FALSE,FALSE,FALSE,TRUE,TRUE,FALSE
Ghana,GHA,2021,2,0,0,FALSE,FALSE,FALSE,TRUE,TRUE,FALSE
Ghana,GHA,1970,2733,180,6.586169045005488,FALSE,FALSE,FALSE,FALSE,FALSE,FALSE
Ghana,GHA,1971,13048,641,4.912630288166769,FALSE,FALSE,FALSE,FALSE,FALSE,FALSE
Ghana,GHA,1972,625,32,5.12,FALSE,FALSE,FALSE,FALSE,FALSE,FALSE
Ghana,GHA,1973,677,39,5.760709010339734,FALSE,FALSE,FALSE,FALSE,FALSE,FALSE
Ghana,GHA,1974,483,37,7.6604554865424435,FALSE,FALSE,FALSE,FALSE,FALSE,FALSE
Ghana,GHA,1975,187,10,5.347593582887701,FALSE,FALSE,FALSE,FALSE,FALSE,FALSE
Ghana,GHA,1976,102,0,0,FALSE,FALSE,FALSE,FALSE,FALSE,FALSE
Ghana,GHA,1977,6565,353,5.376999238385377,FALSE,FALSE,FALSE,FALSE,FALSE,FALSE
Ghana,GHA,1978,1853,120,6.475984889368592,FALSE,FALSE,FALSE,FALSE,FALSE,FALSE
Ghana,GHA,1979,1783,113,6.337633202467751,FALSE,FALSE,FALSE,FALSE,FALSE,FALSE
Greece,GRC,1986,1,0,0,FALSE,FALSE,FALSE,TRUE,TRUE,FALSE
Greece,GRC,1993,1,0,0,FALSE,FALSE,FALSE,TRUE,TRUE,FALSE
Guatemala,GTM,1991,3674,50,1.360914534567229,FALSE,FALSE,FALSE,FALSE,FALSE,FALSE
Guatemala,GTM,1992,15395,207,1.3445924001299123,FALSE,FALSE,FALSE,FALSE,FALSE,FALSE
Guatemala,GTM,1993,30604,306,0.9998692981309633,FALSE,FALSE,FALSE,FALSE,FALSE,FALSE
Guatemala,GTM,1994,5282,36,0.6815600151457781,FALSE,FALSE,FALSE,FALSE,FALSE,FALSE
Guatemala,GTM,1995,7970,95,1.191969887076537,FALSE,FALSE,FALSE,FALSE,FALSE,FALSE
Guatemala,GTM,1996,1568,14,0.8928571428571429,FALSE,FALSE,FALSE,FALSE,FALSE,FALSE
Guatemala,GTM,1997,1263,0,0,FALSE,FALSE,FALSE,FALSE,FALSE,FALSE
Guatemala,GTM,1998,5970,57,0.9547738693467337,FALSE,FALSE,FALSE,FALSE,FALSE,FALSE
Guatemala,GTM,1999,2077,0,0,FALSE,FALSE,FALSE,FALSE,FALSE,FALSE
Guatemala,GTM,2000,612,6,0.9803921568627451,FALSE,FALSE,FALSE,FALSE,FALSE,FALSE
Guatemala,GTM,2001,13,0,0,FALSE,FALSE,FALSE,TRUE,FALSE,FALSE
Guatemala,GTM,2002,1,0,0,FALSE,FALSE,FALSE,TRUE,TRUE,FALSE
Guinea,GIN,1986,286,58,20.27972027972028,FALSE,FALSE,FALSE,FALSE,FALSE,FALSE
Guinea,GIN,1994,31415,671,2.1359223300970873,FALSE,FALSE,FALSE,FALSE,FALSE,FALSE
Guinea,GIN,1995,6506,565,8.684291423301568,FALSE,FALSE,FALSE,FALSE,FALSE,FALSE
Guinea,GIN,1996,287,17,5.923344947735192,FALSE,FALSE,FALSE,FALSE,FALSE,FALSE
Guinea,GIN,1998,881,53,6.01589103291714,FALSE,FALSE,FALSE,FALSE,FALSE,FALSE
Guinea,GIN,1999,599,28,4.674457429048414,FALSE,FALSE,FALSE,FALSE,FALSE,FALSE
Guinea,GIN,2000,519,32,6.165703275529865,FALSE,FALSE,FALSE,FALSE,FALSE,FALSE
Guinea,GIN,2001,392,22,5.612244897959184,FALSE,FALSE,FALSE,FALSE,FALSE,FALSE
Guinea,GIN,2002,61,11,18.0327868852459,FALSE,FALSE,FALSE,TRUE,FALSE,FALSE
Guinea,GIN,2003,6,1,16.666666666666668,FALSE,FALSE,FALSE,TRUE,TRUE,FALSE
Guinea,GIN,2004,1516,117,7.717678100263853,FALSE,FALSE,FALSE,FALSE,FALSE,FALSE
Guinea,GIN,2005,3821,107,2.8003140539125884,FALSE,FALSE,FALSE,FALSE,FALSE,FALSE
Guinea,GIN,2006,3242,219,6.7550894509562,FALSE,FALSE,FALSE,FALSE,FALSE,FALSE
Guinea,GIN,2007,8546,311,3.639129417271238,FALSE,FALSE,FALSE,FALSE,FALSE,FALSE
Guinea,GIN,2008,513,32,6.237816764132553,FALSE,FALSE,FALSE,FALSE,FALSE,FALSE
Guinea,GIN,2009,42,0,0,FALSE,FALSE,FALSE,TRUE,FALSE,FALSE
Guinea,GIN,2011,3,0,0,FALSE,FALSE,FALSE,TRUE,TRUE,FALSE
Guinea,GIN,2012,7350,133,1.8095238095238095,FALSE,FALSE,FALSE,FALSE,FALSE,FALSE
Guinea,GIN,2013,319,32,10.031347962382446,FALSE,FALSE,FALSE,FALSE,FALSE,FALSE
Guinea,GIN,2014,1,0,0,FALSE,FALSE,FALSE,TRUE,TRUE,FALSE
Guinea,GIN,1970,2000,60,3,FALSE,FALSE,FALSE,FALSE,FALSE,FALSE
Guinea-Bissau,GNB,1986,200,50,25,FALSE,FALSE,FALSE,FALSE,FALSE,FALSE
Guinea-Bissau,GNB,1987,6000,68,1.1333333333333333,FALSE,FALSE,FALSE,FALSE,FALSE,FALSE
Guinea-Bissau,GNB,1994,15296,285,1.8632322175732217,FALSE,FALSE,FALSE,FALSE,FALSE,FALSE
Guinea-Bissau,GNB,1995,119,0,0,FALSE,FALSE,FALSE,FALSE,FALSE,FALSE
Guinea-Bissau,GNB,1996,8397,84,1.0003572704537336,FALSE,FALSE,FALSE,FALSE,FALSE,FALSE
Guinea-Bissau,GNB,1997,20555,905,4.402821697883726,FALSE,FALSE,FALSE,FALSE,FALSE,FALSE
Guinea-Bissau,GNB,2002,842,6,0.7125890736342043,FALSE,FALSE,FALSE,FALSE,FALSE,FALSE
Guinea-Bissau,GNB,2003,290,2,0.6896551724137931,FALSE,FALSE,FALSE,FALSE,FALSE,FALSE
Guinea-Bissau,GNB,2004,155,3,1.935483870967742,FALSE,FALSE,FALSE,FALSE,FALSE,FALSE
Guinea-Bissau,GNB,2005,25111,399,1.5889450838278045,FALSE,FALSE,FALSE,FALSE,FALSE,FALSE
Guinea-Bissau,GNB,2006,37,0,0,FALSE,FALSE,FALSE,TRUE,FALSE,FALSE
Guinea-Bissau,GNB,2007,153,8,5.228758169934641,FALSE,FALSE,FALSE,FALSE,FALSE,FALSE
Guinea-Bissau,GNB,2008,14323,225,1.570899951127557,FALSE,FALSE,FALSE,FALSE,FALSE,FALSE
Guinea-Bissau,GNB,2009,5,0,0,FALSE,FALSE,FALSE,TRUE,TRUE,FALSE
Guinea-Bissau,GNB,2012,3068,22,0.7170795306388527,FALSE,FALSE,FALSE,FALSE,FALSE,FALSE
Guinea-Bissau,GNB,2013,969,28,2.889576883384933,FALSE,FALSE,FALSE,FALSE,FALSE,FALSE
Guinea-Bissau,GNB,2014,11,2,18.181818181818183,FALSE,FALSE,FALSE,TRUE,FALSE,FALSE
Guinea-Bissau,GNB,1998,126,2,1.5873015873015872,FALSE,FALSE,FALSE,FALSE,FALSE,FALSE
Guyana,GUY,1992,576,8,1.3888888888888888,FALSE,FALSE,FALSE,FALSE,FALSE,FALSE
Guyana,GUY,1993,66,2,3.0303030303030303,FALSE,FALSE,FALSE,TRUE,FALSE,FALSE
Haiti,HTI,2010,179379,3990,2.224340641881157,FALSE,FALSE,FALSE,FALSE,FALSE,FALSE
Haiti,HTI,2011,340311,2869,0.8430523844365889,FALSE,FALSE,FALSE,FALSE,FALSE,FALSE
Haiti,HTI,2012,112076,894,0.7976730076019843,FALSE,FALSE,FALSE,FALSE,FALSE,FALSE
Haiti,HTI,2013,58809,593,1.008349062218368,FALSE,FALSE,FALSE,FALSE,FALSE,FALSE
Haiti,HTI,2014,27753,296,1.0665513638165243,FALSE,FALSE,FALSE,FALSE,FALSE,FALSE
Haiti,HTI,2015,36045,322,0.8933277847135525,FALSE,FALSE,FALSE,FALSE,FALSE,FALSE
Haiti,HTI,2016,41421,447,1.0791627435358877,FALSE,FALSE,FALSE,FALSE,FALSE,FALSE
Haiti,HTI,2017,13681,159,1.1621957459250054,FALSE,FALSE,FALSE,FALSE,FALSE,FALSE
Haiti,HTI,2018,3777,41,1.0855176065660577,FALSE,FALSE,FALSE,FALSE,FALSE,FALSE
Haiti,HTI,2019,720,3,0.4166666666666667,FALSE,FALSE,FALSE,FALSE,FALSE,FALSE
Honduras,HND,1991,17,0,0,FALSE,FALSE,FALSE,TRUE,FALSE,FALSE
Honduras,HND,1992,407,17,4.176904176904177,FALSE,FALSE,FALSE,FALSE,FALSE,FALSE
Honduras,HND,1993,4013,102,2.541739347121854,FALSE,FALSE,FALSE,FALSE,FALSE,FALSE
Honduras,HND,1994,5049,102,2.0202020202020203,FALSE,FALSE,FALSE,FALSE,FALSE,FALSE
Honduras,HND,1995,4717,77,1.6323934704261183,FALSE,FALSE,FALSE,FALSE,FALSE,FALSE
Honduras,HND,1996,708,14,1.9774011299435028,FALSE,FALSE,FALSE,FALSE,FALSE,FALSE
Honduras,HND,1997,100,1,1,FALSE,FALSE,FALSE,FALSE,FALSE,FALSE
Honduras,HND,1998,306,13,4.248366013071895,FALSE,FALSE,FALSE,FALSE,FALSE,FALSE
Honduras,HND,1999,56,3,5.357142857142857,FALSE,FALSE,FALSE,TRUE,FALSE,FALSE
Honduras,HND,2000,8,0,0,FALSE,FALSE,FALSE,TRUE,TRUE,FALSE
Honduras,HND,2001,1,0,0,FALSE,FALSE,FALSE,TRUE,TRUE,FALSE
Hungary,HUN,1997,1,0,0,FALSE,FALSE,FALSE,TRUE,TRUE,FALSE
India,IND,1980,8344,307,3.6792905081495686,FALSE,FALSE,FALSE,FALSE,FALSE,FALSE
India,IND,1981,4681,150,3.204443494979705,FALSE,FALSE,FALSE,FALSE,FALSE,FALSE
India,IND,1982,4656,213,4.574742268041237,FALSE,FALSE,FALSE,FALSE,FALSE,FALSE
India,IND,1983,8542,309,3.6174198080074924,FALSE,FALSE,FALSE,FALSE,FALSE,FALSE
India,IND,1984,2527,27,1.0684606252473288,FALSE,FALSE,FALSE,FALSE,FALSE,FALSE
India,IND,1985,5808,155,2.668732782369146,FALSE,FALSE,FALSE,FALSE,FALSE,FALSE
India,IND,1986,4208,70,1.6634980988593155,FALSE,FALSE,FALSE,FALSE,FALSE,FALSE
India,IND,1987,11934,240,2.0110608345902463,FALSE,FALSE,FALSE,FALSE,FALSE,FALSE
India,IND,1988,17162,380,2.214194149865983,FALSE,FALSE,FALSE,FALSE,FALSE,FALSE
India,IND,1989,5640,93,1.648936170212766,FALSE,FALSE,FALSE,FALSE,FALSE,FALSE
India,IND,1990,3583,83,2.316494557633268,FALSE,FALSE,FALSE,FALSE,FALSE,FALSE
India,IND,1991,6993,149,2.1307021307021308,FALSE,FALSE,FALSE,FALSE,FALSE,FALSE
India,IND,1992,6911,55,0.7958327304297497,FALSE,FALSE,FALSE,FALSE,FALSE,FALSE
India,IND,1993,12084,51,0.42204568023833167,FALSE,FALSE,FALSE,FALSE,FALSE,FALSE
India,IND,1994,4973,32,0.6434747637241102,FALSE,FALSE,FALSE,FALSE,FALSE,FALSE
India,IND,1995,3315,5,0.15082956259426847,FALSE,FALSE,FALSE,FALSE,FALSE,FALSE
India,IND,1996,4396,34,0.7734303912647862,FALSE,FALSE,FALSE,FALSE,FALSE,FALSE
India,IND,1997,2768,16,0.5780346820809249,FALSE,FALSE,FALSE,FALSE,FALSE,FALSE
India,IND,1998,7151,11,0.15382463991050202,FALSE,FALSE,FALSE,FALSE,FALSE,FALSE
India,IND,1999,3839,6,0.15629070070330817,FALSE,FALSE,FALSE,FALSE,FALSE,FALSE
India,IND,2000,4053,20,0.4934616333580064,FALSE,FALSE,FALSE,FALSE,FALSE,FALSE
India,IND,2001,4081,6,0.1470227885322225,FALSE,FALSE,FALSE,FALSE,FALSE,FALSE
India,IND,2002,3455,10,0.2894356005788712,FALSE,FALSE,FALSE,FALSE,FALSE,FALSE
India,IND,2003,2893,2,0.06913238852402351,FALSE,FALSE,FALSE,FALSE,FALSE,FALSE
India,IND,2004,4695,7,0.14909478168264112,FALSE,FALSE,FALSE,FALSE,FALSE,FALSE
India,IND,2005,3155,6,0.1901743264659271,FALSE,FALSE,FALSE,FALSE,FALSE,FALSE
India,IND,2006,1939,3,0.15471892728210418,FALSE,FALSE,FALSE,FALSE,FALSE,FALSE
India,IND,2007,2635,3,0.11385199240986717,FALSE,FALSE,FALSE,FALSE,FALSE,FALSE
India,IND,2008,2680,1,0.03731343283582089,FALSE,FALSE,FALSE,FALSE,FALSE,FALSE
India,IND,2010,5155,9,0.17458777885548013,FALSE,FALSE,FALSE,FALSE,FALSE,FALSE
India,IND,2013,6008,54,0.8988015978695073,FALSE,FALSE,FALSE,FALSE,FALSE,FALSE
India,IND,2014,4031,21,0.5209625403125775,FALSE,FALSE,FALSE,FALSE,FALSE,FALSE
India,IND,2015,889,4,0.4499437570303712,FALSE,FALSE,FALSE,FALSE,FALSE,FALSE
India,IND,2016,841,3,0.356718192627824,FALSE,FALSE,FALSE,FALSE,FALSE,FALSE
India,IND,2017,385,3,0.7792207792207793,FALSE,FALSE,FALSE,FALSE,FALSE,FALSE
India,IND,2018,697,0,0,FALSE,FALSE,FALSE,FALSE,FALSE,FALSE
India,IND,1950,625,396,63.36,FALSE,FALSE,FALSE,FALSE,FALSE,FALSE
India,IND,1951,86787,41543,47.867768214133456,FALSE,FALSE,FALSE,FALSE,FALSE,FALSE
India,IND,1952,101493,58252,57.39509128708384,FALSE,FALSE,FALSE,FALSE,FALSE,FALSE
India,IND,1953,213225,124227,58.26099190995427,FALSE,FALSE,FALSE,FALSE,FALSE,FALSE
India,IND,1954,22146,19368,87.45597399078841,FALSE,FALSE,FALSE,FALSE,FALSE,FALSE
India,IND,1955,23533,7662,32.55853482343942,FALSE,FALSE,FALSE,FALSE,FALSE,FALSE
India,IND,1956,39829,17206,43.19967862612669,FALSE,FALSE,FALSE,FALSE,FALSE,FALSE
India,IND,1957,54961,49715,90.4550499445061,FALSE,FALSE,FALSE,FALSE,FALSE,FALSE
India,IND,1958,66849,49818,74.52317910514742,FALSE,FALSE,FALSE,FALSE,FALSE,FALSE
India,IND,1959,14852,7696,51.817936978184754,FALSE,FALSE,FALSE,FALSE,FALSE,FALSE
India,IND,1961,47637,26946,56.56527489136595,FALSE,FALSE,FALSE,FALSE,FALSE,FALSE
India,IND,1962,51082,27141,53.132218785482166,FALSE,FALSE,FALSE,FALSE,FALSE,FALSE
India,IND,1963,44839,16357,36.47940409018934,FALSE,FALSE,FALSE,FALSE,FALSE,FALSE
India,IND,1964,53011,17035,32.13483993888061,FALSE,FALSE,FALSE,FALSE,FALSE,FALSE
India,IND,1965,42677,12664,29.674063312791432,FALSE,FALSE,FALSE,FALSE,FALSE,FALSE
India,IND,1966,13052,2799,21.444989273674533,FALSE,FALSE,FALSE,FALSE,FALSE,FALSE
India,IND,1970,15067,3420,22.69861286254729,FALSE,FALSE,FALSE,FALSE,FALSE,FALSE
India,IND,1971,71386,10478,14.677948057041997,FALSE,FALSE,FALSE,FALSE,FALSE,FALSE
India,IND,1972,20435,2845,13.92219231710301,FALSE,FALSE,FALSE,FALSE,FALSE,FALSE
India,IND,1973,41611,5406,12.99175698733508,FALSE,FALSE,FALSE,FALSE,FALSE,FALSE
India,IND,1974,30903,2289,7.407047859431123,FALSE,FALSE,FALSE,FALSE,FALSE,FALSE
India,IND,1975,22049,2330,10.567372669962356,FALSE,FALSE,FALSE,FALSE,FALSE,FALSE
India,IND,1976,14946,662,4.429278736785762,FALSE,FALSE,FALSE,FALSE,FALSE,FALSE
India,IND,1977,8376,289,3.450334288443171,FALSE,FALSE,FALSE,FALSE,FALSE,FALSE
India,IND,1978,10585,246,2.324043457723193,FALSE,FALSE,FALSE,FALSE,FALSE,FALSE
India,IND,1979,5073,113,2.2274788093830082,FALSE,FALSE,FALSE,FALSE,FALSE,FALSE
Indonesia,IDN,2008,1007,27,2.6812313803376364,FALSE,FALSE,FALSE,FALSE,FALSE,FALSE
Indonesia,IDN,1980,5541,150,2.707092582566324,FALSE,FALSE,FALSE,FALSE,FALSE,FALSE
Indonesia,IDN,1981,18354,463,2.522610875013621,FALSE,FALSE,FALSE,FALSE,FALSE,FALSE
Indonesia,IDN,1982,10391,535,5.148686363198922,FALSE,FALSE,FALSE,FALSE,FALSE,FALSE
Indonesia,IDN,1983,13832,346,2.501445922498554,FALSE,FALSE,FALSE,FALSE,FALSE,FALSE
Indonesia,IDN,1984,7921,59,0.744855447544502,FALSE,FALSE,FALSE,FALSE,FALSE,FALSE
Indonesia,IDN,1985,4732,85,1.7962806424344886,FALSE,FALSE,FALSE,FALSE,FALSE,FALSE
Indonesia,IDN,1986,11915,391,3.281577843054973,FALSE,FALSE,FALSE,FALSE,FALSE,FALSE
Indonesia,IDN,1987,659,18,2.731411229135053,FALSE,FALSE,FALSE,FALSE,FALSE,FALSE
Indonesia,IDN,1988,50,0,0,FALSE,FALSE,FALSE,TRUE,FALSE,FALSE
Indonesia,IDN,1989,67,0,0,FALSE,FALSE,FALSE,TRUE,FALSE,FALSE
Indonesia,IDN,1990,155,0,0,FALSE,FALSE,FALSE,FALSE,FALSE,FALSE
Indonesia,IDN,1991,6202,55,0.8868107062237988,FALSE,FALSE,FALSE,FALSE,FALSE,FALSE
Indonesia,IDN,1992,25,0,0,FALSE,FALSE,FALSE,TRUE,FALSE,FALSE
Indonesia,IDN,1993,3564,25,0.7014590347923682,FALSE,FALSE,FALSE,FALSE,FALSE,FALSE
Indonesia,IDN,1994,47,0,0,FALSE,FALSE,FALSE,TRUE,FALSE,FALSE
Indonesia,IDN,1996,66,0,0,FALSE,FALSE,FALSE,TRUE,FALSE,FALSE
Indonesia,IDN,1997,66,0,0,FALSE,FALSE,FALSE,TRUE,FALSE,FALSE
Indonesia,IDN,2001,561,6,1.0695187165775402,FALSE,FALSE,FALSE,FALSE,FALSE,FALSE
Indonesia,IDN,2005,1338,19,1.4200298953662183,FALSE,FALSE,FALSE,FALSE,FALSE,FALSE
Indonesia,IDN,1960,41,22,53.65853658536585,FALSE,FALSE,FALSE,TRUE,FALSE,FALSE
Indonesia,IDN,1961,1742,474,27.210103329506314,FALSE,FALSE,FALSE,FALSE,FALSE,FALSE
Indonesia,IDN,1962,428,80,18.69158878504673,FALSE,FALSE,FALSE,FALSE,FALSE,FALSE
Indonesia,IDN,1963,535,83,15.514018691588785,FALSE,FALSE,FALSE,FALSE,FALSE,FALSE
Indonesia,IDN,1964,326,69,21.165644171779142,FALSE,FALSE,FALSE,FALSE,FALSE,FALSE
Indonesia,IDN,1966,204,36,17.647058823529413,FALSE,FALSE,FALSE,FALSE,FALSE,FALSE
Indonesia,IDN,1967,700,139,19.857142857142858,FALSE,FALSE,FALSE,FALSE,FALSE,FALSE
Indonesia,IDN,1968,135,22,16.296296296296298,FALSE,FALSE,FALSE,FALSE,FALSE,FALSE
Indonesia,IDN,1969,627,262,41.78628389154705,FALSE,FALSE,FALSE,FALSE,FALSE,FALSE
Indonesia,IDN,1970,5997,1257,20.96048024012006,FALSE,FALSE,FALSE,FALSE,FALSE,FALSE
Indonesia,IDN,1971,23555,3607,15.313097007004883,FALSE,FALSE,FALSE,FALSE,FALSE,FALSE
Indonesia,IDN,1972,44383,6956,15.672667462767276,FALSE,FALSE,FALSE,FALSE,FALSE,FALSE
Indonesia,IDN,1973,52042,3058,5.87602321202106,FALSE,FALSE,FALSE,FALSE,FALSE,FALSE
Indonesia,IDN,1974,41474,3920,9.451704682451657,FALSE,FALSE,FALSE,FALSE,FALSE,FALSE
Indonesia,IDN,1975,48387,3715,7.6776820220307105,FALSE,FALSE,FALSE,FALSE,FALSE,FALSE
Indonesia,IDN,1976,41264,2665,6.458414113997674,FALSE,FALSE,FALSE,FALSE,FALSE,FALSE
Indonesia,IDN,1977,17112,780,4.55820476858345,FALSE,FALSE,FALSE,FALSE,FALSE,FALSE
Indonesia,IDN,1978,10683,507,4.7458579050828416,FALSE,FALSE,FALSE,FALSE,FALSE,FALSE
Indonesia,IDN,1979,18817,769,4.08673008449806,FALSE,FALSE,FALSE,FALSE,FALSE,FALSE
Iran,IRN,1980,1599,32,2.0012507817385865,FALSE,FALSE,FALSE,FALSE,FALSE,FALSE
Iran,IRN,1981,6034,108,1.7898574743122306,FALSE,FALSE,FALSE,FALSE,FALSE,FALSE
Iran,IRN,1982,427,0,0,FALSE,FALSE,FALSE,FALSE,FALSE,FALSE
Iran,IRN,1983,270,0,0,FALSE,FALSE,FALSE,FALSE,FALSE,FALSE
Iran,IRN,1984,531,5,0.9416195856873822,FALSE,FALSE,FALSE,FALSE,FALSE,FALSE
Iran,IRN,1985,1208,9,0.7450331125827815,FALSE,FALSE,FALSE,FALSE,FALSE,FALSE
Iran,IRN,1986,20,1,5,FALSE,FALSE,FALSE,TRUE,FALSE,FALSE
Iran,IRN,1987,295,4,1.3559322033898304,FALSE,FALSE,FALSE,FALSE,FALSE,FALSE
Iran,IRN,1988,486,15,3.0864197530864197,FALSE,FALSE,FALSE,FALSE,FALSE,FALSE
Iran,IRN,1989,5222,85,1.6277288395250862,FALSE,FALSE,FALSE,FALSE,FALSE,FALSE
Iran,IRN,1990,178,3,1.6853932584269662,FALSE,FALSE,FALSE,FALSE,FALSE,FALSE
Iran,IRN,1991,1892,32,1.6913319238900635,FALSE,FALSE,FALSE,FALSE,FALSE,FALSE
Iran,IRN,1992,97,4,4.123711340206185,FALSE,FALSE,FALSE,TRUE,FALSE,FALSE
Iran,IRN,1993,1347,5,0.3711952487008166,FALSE,FALSE,FALSE,FALSE,FALSE,FALSE
Iran,IRN,1994,15,0,0,FALSE,FALSE,FALSE,TRUE,FALSE,FALSE
Iran,IRN,1995,2177,59,2.7101515847496556,FALSE,FALSE,FALSE,FALSE,FALSE,FALSE
Iran,IRN,1997,1106,9,0.8137432188065099,FALSE,FALSE,FALSE,FALSE,FALSE,FALSE
Iran,IRN,1998,270,1,0.37037037037037035,FALSE,FALSE,FALSE,FALSE,FALSE,FALSE
Iran,IRN,1999,1369,21,1.5339663988312637,FALSE,FALSE,FALSE,FALSE,FALSE,FALSE
Iran,IRN,2000,345,3,0.8695652173913043,FALSE,FALSE,FALSE,FALSE,FALSE,FALSE
Iran,IRN,2003,96,0,0,FALSE,FALSE,FALSE,TRUE,FALSE,FALSE
Iran,IRN,2004,94,1,1.0638297872340425,FALSE,FALSE,FALSE,TRUE,FALSE,FALSE
Iran,IRN,2005,1133,11,0.970873786407767,FALSE,FALSE,FALSE,FALSE,FALSE,FALSE
Iran,IRN,2007,19,0,0,FALSE,FALSE,FALSE,TRUE,FALSE,FALSE
Iran,IRN,2008,72,4,5.555555555555555,FALSE,FALSE,FALSE,TRUE,FALSE,FALSE
Iran,IRN,2011,1187,12,1.0109519797809603,FALSE,FALSE,FALSE,FALSE,FALSE,FALSE
Iran,IRN,2012,53,0,0,FALSE,FALSE,FALSE,TRUE,FALSE,FALSE
Iran,IRN,2013,256,7,2.734375,FALSE,FALSE,FALSE,FALSE,FALSE,FALSE
Iran,IRN,2015,86,1,1.1627906976744187,FALSE,FALSE,FALSE,TRUE,FALSE,FALSE
Iran,IRN,2018,7,0,0,FALSE,FALSE,FALSE,TRUE,TRUE,FALSE
Iran,IRN,2019,2,0,0,FALSE,FALSE,FALSE,TRUE,TRUE,FALSE
Iran,IRN,2020,1,0,0,FALSE,FALSE,FALSE,TRUE,TRUE,FALSE
Iran,IRN,1979,1856,56,3.0172413793103448,FALSE,FALSE,FALSE,FALSE,FALSE,FALSE
Iraq,IRQ,1991,877,6,0.6841505131128849,FALSE,FALSE,FALSE,FALSE,FALSE,FALSE
Iraq,IRQ,1992,97,0,0,FALSE,FALSE,FALSE,TRUE,FALSE,FALSE
Iraq,IRQ,1993,280,0,0,FALSE,FALSE,FALSE,FALSE,FALSE,FALSE
Iraq,IRQ,1994,838,0,0,FALSE,FALSE,FALSE,FALSE,FALSE,FALSE
Iraq,IRQ,1995,820,3,0.36585365853658536,FALSE,FALSE,FALSE,FALSE,FALSE,FALSE
Iraq,IRQ,1996,1,0,0,FALSE,FALSE,FALSE,TRUE,TRUE,FALSE
Iraq,IRQ,1998,53,1,1.8867924528301887,FALSE,FALSE,FALSE,TRUE,FALSE,FALSE
Iraq,IRQ,1999,1985,30,1.5113350125944585,FALSE,FALSE,FALSE,FALSE,FALSE,FALSE
Iraq,IRQ,2000,532,4,0.7518796992481203,FALSE,FALSE,FALSE,FALSE,FALSE,FALSE
Iraq,IRQ,2003,187,0,0,FALSE,FALSE,FALSE,FALSE,FALSE,FALSE
Iraq,IRQ,2004,35,0,0,FALSE,FALSE,FALSE,TRUE,FALSE,FALSE
Iraq,IRQ,2007,4697,24,0.5109644453906749,FALSE,FALSE,FALSE,FALSE,FALSE,FALSE
Iraq,IRQ,2008,925,11,1.1891891891891893,FALSE,FALSE,FALSE,FALSE,FALSE,FALSE
Iraq,IRQ,2009,6,0,0,FALSE,FALSE,FALSE,TRUE,TRUE,FALSE
Iraq,IRQ,2010,2,0,0,FALSE,FALSE,FALSE,TRUE,TRUE,FALSE
Iraq,IRQ,2012,4693,4,0.08523332623055614,FALSE,FALSE,FALSE,FALSE,FALSE,FALSE
Iraq,IRQ,2013,1,0,0,FALSE,FALSE,FALSE,TRUE,TRUE,FALSE
Iraq,IRQ,2015,4965,2,0.04028197381671702,FALSE,FALSE,FALSE,FALSE,FALSE,FALSE
Iraq,IRQ,2016,5,0,0,FALSE,FALSE,FALSE,TRUE,TRUE,FALSE
Iraq,IRQ,2018,3,0,0,FALSE,FALSE,FALSE,TRUE,TRUE,FALSE
Iraq,IRQ,2020,9,0,0,FALSE,FALSE,FALSE,TRUE,TRUE,FALSE
Iraq,IRQ,1966,227,20,8.810572687224669,FALSE,FALSE,FALSE,FALSE,FALSE,FALSE
Iraq,IRQ,1977,133,1,0.7518796992481203,FALSE,FALSE,FALSE,FALSE,FALSE,FALSE
Iraq,IRQ,1978,96,0,0,FALSE,FALSE,FALSE,TRUE,FALSE,FALSE
Israel,ISR,1982,1,0,0,FALSE,FALSE,FALSE,TRUE,TRUE,FALSE
Israel,ISR,1987,2,0,0,FALSE,FALSE,FALSE,TRUE,TRUE,FALSE
Israel,ISR,1988,1,0,0,FALSE,FALSE,FALSE,TRUE,TRUE,FALSE
Israel,ISR,2013,1,0,0,FALSE,FALSE,FALSE,TRUE,TRUE,FALSE
Israel,ISR,1970,185,10,5.405405405405405,FALSE,FALSE,FALSE,FALSE,FALSE,FALSE
Israel,ISR,1971,1,0,0,FALSE,FALSE,FALSE,TRUE,TRUE,FALSE
Israel,ISR,1972,11,0,0,FALSE,FALSE,FALSE,TRUE,FALSE,FALSE
Italy,ITA,1994,12,9,75,FALSE,FALSE,FALSE,TRUE,FALSE,FALSE
Italy,ITA,1995,1,0,0,FALSE,FALSE,FALSE,TRUE,TRUE,FALSE
Italy,ITA,1998,2,9,450,TRUE,FALSE,FALSE,TRUE,TRUE,TRUE
Italy,ITA,2006,1,0,0,FALSE,FALSE,FALSE,TRUE,TRUE,FALSE
Italy,ITA,2007,1,0,0,FALSE,FALSE,FALSE,TRUE,TRUE,FALSE
Italy,ITA,2013,1,0,0,FALSE,FALSE,FALSE,TRUE,TRUE,FALSE
Italy,ITA,1973,278,23,8.273381294964029,FALSE,FALSE,FALSE,FALSE,FALSE,FALSE
Italy,ITA,1975,1,0,0,FALSE,FALSE,FALSE,TRUE,TRUE,FALSE
Italy,ITA,1977,2,0,0,FALSE,FALSE,FALSE,TRUE,TRUE,FALSE
Italy,ITA,1979,8,0,0,FALSE,FALSE,FALSE,TRUE,TRUE,FALSE
Japan,JPN,1980,23,0,0,FALSE,FALSE,FALSE,TRUE,FALSE,FALSE
Japan,JPN,1981,19,0,0,FALSE,FALSE,FALSE,TRUE,FALSE,FALSE
Japan,JPN,1982,16,0,0,FALSE,FALSE,FALSE,TRUE,FALSE,FALSE
Japan,JPN,1983,35,0,0,FALSE,FALSE,FALSE,TRUE,FALSE,FALSE
Japan,JPN,1984,55,0,0,FALSE,FALSE,FALSE,TRUE,FALSE,FALSE
Japan,JPN,1985,36,0,0,FALSE,FALSE,FALSE,TRUE,FALSE,FALSE
Japan,JPN,1986,26,0,0,FALSE,FALSE,FALSE,TRUE,FALSE,FALSE
Japan,JPN,1987,34,0,0,FALSE,FALSE,FALSE,TRUE,FALSE,FALSE
Japan,JPN,1988,33,0,0,FALSE,FALSE,FALSE,TRUE,FALSE,FALSE
Japan,JPN,1989,95,0,0,FALSE,FALSE,FALSE,TRUE,FALSE,FALSE
Japan,JPN,1990,73,0,0,FALSE,FALSE,FALSE,TRUE,FALSE,FALSE
Japan,JPN,1991,90,1,1.1111111111111112,FALSE,FALSE,FALSE,TRUE,FALSE,FALSE
Japan,JPN,1992,46,0,0,FALSE,FALSE,FALSE,TRUE,FALSE,FALSE
Japan,JPN,1993,89,0,0,FALSE,FALSE,FALSE,TRUE,FALSE,FALSE
Japan,JPN,1994,91,0,0,FALSE,FALSE,FALSE,TRUE,FALSE,FALSE
Japan,JPN,1995,321,1,0.3115264797507788,FALSE,FALSE,FALSE,FALSE,FALSE,FALSE
Japan,JPN,1996,39,0,0,FALSE,FALSE,FALSE,TRUE,FALSE,FALSE
Japan,JPN,1998,60,0,0,FALSE,FALSE,FALSE,TRUE,FALSE,FALSE
Japan,JPN,1999,40,0,0,FALSE,FALSE,FALSE,TRUE,FALSE,FALSE
Japan,JPN,2000,34,0,0,FALSE,FALSE,FALSE,TRUE,FALSE,FALSE
Japan,JPN,2002,27,0,0,FALSE,FALSE,FALSE,TRUE,FALSE,FALSE
Japan,JPN,2003,16,0,0,FALSE,FALSE,FALSE,TRUE,FALSE,FALSE
Japan,JPN,2004,66,0,0,FALSE,FALSE,FALSE,TRUE,FALSE,FALSE
Japan,JPN,2005,43,0,0,FALSE,FALSE,FALSE,TRUE,FALSE,FALSE
Japan,JPN,2006,34,0,0,FALSE,FALSE,FALSE,TRUE,FALSE,FALSE
Japan,JPN,2007,0,0,NA,FALSE,FALSE,TRUE,FALSE,FALSE,NA
Japan,JPN,2012,3,0,0,FALSE,FALSE,FALSE,TRUE,TRUE,FALSE
Japan,JPN,2013,8,0,0,FALSE,FALSE,FALSE,TRUE,TRUE,FALSE
Japan,JPN,2014,5,0,0,FALSE,FALSE,FALSE,TRUE,TRUE,FALSE
Japan,JPN,2016,10,0,0,FALSE,FALSE,FALSE,TRUE,FALSE,FALSE
Japan,JPN,2017,7,0,0,FALSE,FALSE,FALSE,TRUE,TRUE,FALSE
Japan,JPN,2018,4,0,0,FALSE,FALSE,FALSE,TRUE,TRUE,FALSE
Japan,JPN,2019,5,0,0,FALSE,FALSE,FALSE,TRUE,TRUE,FALSE
Japan,JPN,2020,1,0,0,FALSE,FALSE,FALSE,TRUE,TRUE,FALSE
Japan,JPN,1997,89,0,0,FALSE,FALSE,FALSE,TRUE,FALSE,FALSE
Japan,JPN,1963,16,0,0,FALSE,FALSE,FALSE,TRUE,FALSE,FALSE
Japan,JPN,1964,2,1,50,FALSE,FALSE,FALSE,TRUE,TRUE,FALSE
Japan,JPN,1975,3,0,0,FALSE,FALSE,FALSE,TRUE,TRUE,FALSE
Japan,JPN,1976,6,0,0,FALSE,FALSE,FALSE,TRUE,TRUE,FALSE
Japan,JPN,1977,52,1,1.9230769230769231,FALSE,FALSE,FALSE,TRUE,FALSE,FALSE
Japan,JPN,1978,34,1,2.9411764705882355,FALSE,FALSE,FALSE,TRUE,FALSE,FALSE
Japan,JPN,1979,11,0,0,FALSE,FALSE,FALSE,TRUE,FALSE,FALSE
Jordan,JOR,1981,870,4,0.45977011494252873,FALSE,FALSE,FALSE,FALSE,FALSE,FALSE
Jordan,JOR,1990,2,0,0,FALSE,FALSE,FALSE,TRUE,TRUE,FALSE
Jordan,JOR,1970,3,0,0,FALSE,FALSE,FALSE,TRUE,TRUE,FALSE
Jordan,JOR,1976,152,0,0,FALSE,FALSE,FALSE,FALSE,FALSE,FALSE
Jordan,JOR,1977,427,1,0.234192037470726,FALSE,FALSE,FALSE,FALSE,FALSE,FALSE
Jordan,JOR,1979,141,0,0,FALSE,FALSE,FALSE,FALSE,FALSE,FALSE
Kazakhstan,KAZ,1993,74,0,0,FALSE,FALSE,FALSE,TRUE,FALSE,FALSE
Kazakhstan,KAZ,1994,3,0,0,FALSE,FALSE,FALSE,TRUE,TRUE,FALSE
Kazakhstan,KAZ,1995,16,0,0,FALSE,FALSE,FALSE,TRUE,FALSE,FALSE
Kazakhstan,KAZ,1997,4,0,0,FALSE,FALSE,FALSE,TRUE,TRUE,FALSE
Kazakhstan,KAZ,2008,1,0,0,FALSE,FALSE,FALSE,TRUE,TRUE,FALSE
Kenya,KEN,1980,2808,42,1.4957264957264957,FALSE,FALSE,FALSE,FALSE,FALSE,FALSE
Kenya,KEN,1981,2424,108,4.455445544554456,FALSE,FALSE,FALSE,FALSE,FALSE,FALSE
Kenya,KEN,1982,3498,91,2.6014865637507145,FALSE,FALSE,FALSE,FALSE,FALSE,FALSE
Kenya,KEN,1983,1049,53,5.052430886558628,FALSE,FALSE,FALSE,FALSE,FALSE,FALSE
Kenya,KEN,1984,14,0,0,FALSE,FALSE,FALSE,TRUE,FALSE,FALSE
Kenya,KEN,1985,1352,102,7.544378698224852,FALSE,FALSE,FALSE,FALSE,FALSE,FALSE
Kenya,KEN,1986,839,45,5.363528009535161,FALSE,FALSE,FALSE,FALSE,FALSE,FALSE
Kenya,KEN,1987,255,12,4.705882352941177,FALSE,FALSE,FALSE,FALSE,FALSE,FALSE
Kenya,KEN,1989,918,32,3.485838779956427,FALSE,FALSE,FALSE,FALSE,FALSE,FALSE
Kenya,KEN,1992,3388,100,2.9515938606847696,FALSE,FALSE,FALSE,FALSE,FALSE,FALSE
Kenya,KEN,1994,880,28,3.1818181818181817,FALSE,FALSE,FALSE,FALSE,FALSE,FALSE
Kenya,KEN,1995,1547,39,2.5210084033613445,FALSE,FALSE,FALSE,FALSE,FALSE,FALSE
Kenya,KEN,1996,482,14,2.904564315352697,FALSE,FALSE,FALSE,FALSE,FALSE,FALSE
Kenya,KEN,1997,17200,555,3.2267441860465116,FALSE,FALSE,FALSE,FALSE,FALSE,FALSE
Kenya,KEN,1998,22432,1237,5.51444365192582,FALSE,FALSE,FALSE,FALSE,FALSE,FALSE
Kenya,KEN,1999,11039,350,3.170577045022194,FALSE,FALSE,FALSE,FALSE,FALSE,FALSE
Kenya,KEN,2000,1157,78,6.741573033707865,FALSE,FALSE,FALSE,FALSE,FALSE,FALSE
Kenya,KEN,2001,1001,55,5.4945054945054945,FALSE,FALSE,FALSE,FALSE,FALSE,FALSE
Kenya,KEN,2002,291,10,3.4364261168384878,FALSE,FALSE,FALSE,FALSE,FALSE,FALSE
Kenya,KEN,2004,870,15,1.7241379310344827,FALSE,FALSE,FALSE,FALSE,FALSE,FALSE
Kenya,KEN,2005,816,21,2.573529411764706,FALSE,FALSE,FALSE,FALSE,FALSE,FALSE
Kenya,KEN,2006,870,11,1.264367816091954,FALSE,FALSE,FALSE,FALSE,FALSE,FALSE
Kenya,KEN,2007,1206,67,5.555555555555555,FALSE,FALSE,FALSE,FALSE,FALSE,FALSE
Kenya,KEN,2008,3091,113,3.6557748301520543,FALSE,FALSE,FALSE,FALSE,FALSE,FALSE
Kenya,KEN,2009,11425,264,2.3107221006564553,FALSE,FALSE,FALSE,FALSE,FALSE,FALSE
Kenya,KEN,2010,3188,63,1.9761606022584692,FALSE,FALSE,FALSE,FALSE,FALSE,FALSE
Kenya,KEN,2011,74,2,2.7027027027027026,FALSE,FALSE,FALSE,TRUE,FALSE,FALSE
Kenya,KEN,2014,35,9,25.714285714285715,FALSE,FALSE,FALSE,TRUE,FALSE,FALSE
Kenya,KEN,2015,13291,67,0.5041005191482958,FALSE,FALSE,FALSE,FALSE,FALSE,FALSE
Kenya,KEN,2016,5866,80,1.3637913399249915,FALSE,FALSE,FALSE,FALSE,FALSE,FALSE
Kenya,KEN,2017,4288,82,1.912313432835821,FALSE,FALSE,FALSE,FALSE,FALSE,FALSE
Kenya,KEN,2018,5719,78,1.363874803287288,FALSE,FALSE,FALSE,FALSE,FALSE,FALSE
Kenya,KEN,2019,5208,141,2.707373271889401,FALSE,FALSE,FALSE,FALSE,FALSE,FALSE
Kenya,KEN,2020,447,12,2.684563758389262,FALSE,FALSE,FALSE,FALSE,FALSE,FALSE
Kenya,KEN,2021,38,0,0,FALSE,FALSE,FALSE,TRUE,FALSE,FALSE
Kenya,KEN,1971,239,38,15.899581589958158,FALSE,FALSE,FALSE,FALSE,FALSE,FALSE
Kenya,KEN,1972,51,0,0,FALSE,FALSE,FALSE,TRUE,FALSE,FALSE
Kenya,KEN,1974,402,20,4.975124378109452,FALSE,FALSE,FALSE,FALSE,FALSE,FALSE
Kenya,KEN,1975,1093,74,6.7703568161024705,FALSE,FALSE,FALSE,FALSE,FALSE,FALSE
Kenya,KEN,1976,1359,59,4.3414275202354675,FALSE,FALSE,FALSE,FALSE,FALSE,FALSE
Kenya,KEN,1977,21,0,0,FALSE,FALSE,FALSE,TRUE,FALSE,FALSE
Kenya,KEN,1978,673,17,2.526002971768202,FALSE,FALSE,FALSE,FALSE,FALSE,FALSE
Kenya,KEN,1979,1070,2,0.18691588785046728,FALSE,FALSE,FALSE,FALSE,FALSE,FALSE
Kiribati,KIR,1977,1307,21,1.6067329762815608,FALSE,FALSE,FALSE,FALSE,FALSE,FALSE
Kiribati,KIR,1978,494,0,0,FALSE,FALSE,FALSE,FALSE,FALSE,FALSE
Kuwait,KWT,1981,8,0,0,FALSE,FALSE,FALSE,TRUE,TRUE,FALSE
Kuwait,KWT,1985,113,0,0,FALSE,FALSE,FALSE,FALSE,FALSE,FALSE
Kuwait,KWT,1986,38,0,0,FALSE,FALSE,FALSE,TRUE,FALSE,FALSE
Kuwait,KWT,1989,133,0,0,FALSE,FALSE,FALSE,FALSE,FALSE,FALSE
Kuwait,KWT,1993,1,0,0,FALSE,FALSE,FALSE,TRUE,TRUE,FALSE
Kuwait,KWT,2015,5,0,0,FALSE,FALSE,FALSE,TRUE,TRUE,FALSE
Kuwait,KWT,1970,4,0,0,FALSE,FALSE,FALSE,TRUE,TRUE,FALSE
Kuwait,KWT,1975,3,1,33.333333333333336,FALSE,FALSE,FALSE,TRUE,TRUE,FALSE
Kuwait,KWT,1976,2,0,0,FALSE,FALSE,FALSE,TRUE,TRUE,FALSE
Kuwait,KWT,1977,13,0,0,FALSE,FALSE,FALSE,TRUE,FALSE,FALSE
Kuwait,KWT,1978,1,0,0,FALSE,FALSE,FALSE,TRUE,TRUE,FALSE
Kuwait,KWT,1979,3,0,0,FALSE,FALSE,FALSE,TRUE,TRUE,FALSE
Kyrgyzstan,KGZ,1994,4,0,0,FALSE,FALSE,FALSE,TRUE,TRUE,FALSE
Laos,LAO,1993,5521,255,4.61872849121536,FALSE,FALSE,FALSE,FALSE,FALSE,FALSE
Laos,LAO,1994,9660,606,6.273291925465839,FALSE,FALSE,FALSE,FALSE,FALSE,FALSE
Laos,LAO,1995,1365,174,12.747252747252746,FALSE,FALSE,FALSE,FALSE,FALSE,FALSE
Laos,LAO,1996,720,33,4.583333333333333,FALSE,FALSE,FALSE,FALSE,FALSE,FALSE
Laos,LAO,2007,169,3,1.7751479289940828,FALSE,FALSE,FALSE,FALSE,FALSE,FALSE
Laos,LAO,2008,201,0,0,FALSE,FALSE,FALSE,FALSE,FALSE,FALSE
Laos,LAO,2010,237,4,1.6877637130801688,FALSE,FALSE,FALSE,FALSE,FALSE,FALSE
Laos,LAO,1953,31,18,58.064516129032256,FALSE,FALSE,FALSE,TRUE,FALSE,FALSE
Laos,LAO,1969,448,21,4.6875,FALSE,FALSE,FALSE,FALSE,FALSE,FALSE
Lebanon,LBN,1993,344,23,6.686046511627907,FALSE,FALSE,FALSE,FALSE,FALSE,FALSE
Lebanon,LBN,2005,1,0,0,FALSE,FALSE,FALSE,TRUE,TRUE,FALSE
Lebanon,LBN,1970,54,1,1.8518518518518519,FALSE,FALSE,FALSE,TRUE,FALSE,FALSE
Lebanon,LBN,1977,30,0,0,FALSE,FALSE,FALSE,TRUE,FALSE,FALSE
Lesotho,LSO,2005,0,0,NA,FALSE,FALSE,TRUE,FALSE,FALSE,NA
Lesotho,LSO,2006,0,0,NA,FALSE,FALSE,TRUE,FALSE,FALSE,NA
Liberia,LBR,1980,2690,55,2.0446096654275094,FALSE,FALSE,FALSE,FALSE,FALSE,FALSE
Liberia,LBR,1981,1582,33,2.0859671302149176,FALSE,FALSE,FALSE,FALSE,FALSE,FALSE
Liberia,LBR,1982,670,8,1.1940298507462686,FALSE,FALSE,FALSE,FALSE,FALSE,FALSE
Liberia,LBR,1983,183,12,6.557377049180328,FALSE,FALSE,FALSE,FALSE,FALSE,FALSE
Liberia,LBR,1984,492,8,1.6260162601626016,FALSE,FALSE,FALSE,FALSE,FALSE,FALSE
Liberia,LBR,1985,355,3,0.8450704225352113,FALSE,FALSE,FALSE,FALSE,FALSE,FALSE
Liberia,LBR,1986,59,0,0,FALSE,FALSE,FALSE,TRUE,FALSE,FALSE
Liberia,LBR,1987,33,1,3.0303030303030303,FALSE,FALSE,FALSE,TRUE,FALSE,FALSE
Liberia,LBR,1988,68,1,1.4705882352941178,FALSE,FALSE,FALSE,TRUE,FALSE,FALSE
Liberia,LBR,1989,28,0,0,FALSE,FALSE,FALSE,TRUE,FALSE,FALSE
Liberia,LBR,1994,764,17,2.225130890052356,FALSE,FALSE,FALSE,FALSE,FALSE,FALSE
Liberia,LBR,1995,3420,126,3.6842105263157894,FALSE,FALSE,FALSE,FALSE,FALSE,FALSE
Liberia,LBR,1996,8922,169,1.8941941268773816,FALSE,FALSE,FALSE,FALSE,FALSE,FALSE
Liberia,LBR,1997,91,0,0,FALSE,FALSE,FALSE,TRUE,FALSE,FALSE
Liberia,LBR,1998,2123,17,0.8007536504945831,FALSE,FALSE,FALSE,FALSE,FALSE,FALSE
Liberia,LBR,1999,215,0,0,FALSE,FALSE,FALSE,FALSE,FALSE,FALSE
Liberia,LBR,2000,365,10,2.73972602739726,FALSE,FALSE,FALSE,FALSE,FALSE,FALSE
Liberia,LBR,2001,1062,0,0,FALSE,FALSE,FALSE,FALSE,FALSE,FALSE
Liberia,LBR,2002,1115,0,0,FALSE,FALSE,FALSE,FALSE,FALSE,FALSE
Liberia,LBR,2003,34740,38,0.10938399539435809,FALSE,FALSE,FALSE,FALSE,FALSE,FALSE
Liberia,LBR,2004,2786,4,0.14357501794687724,FALSE,FALSE,FALSE,FALSE,FALSE,FALSE
Liberia,LBR,2005,3823,18,0.47083442322783153,FALSE,FALSE,FALSE,FALSE,FALSE,FALSE
Liberia,LBR,2006,4929,17,0.34489754514100224,FALSE,FALSE,FALSE,FALSE,FALSE,FALSE
Liberia,LBR,2007,3063,7,0.22853411687887693,FALSE,FALSE,FALSE,FALSE,FALSE,FALSE
Liberia,LBR,2008,1236,3,0.24271844660194175,FALSE,FALSE,FALSE,FALSE,FALSE,FALSE
Liberia,LBR,2009,1070,2,0.18691588785046728,FALSE,FALSE,FALSE,FALSE,FALSE,FALSE
Liberia,LBR,2010,1546,0,0,FALSE,FALSE,FALSE,FALSE,FALSE,FALSE
Liberia,LBR,2012,219,0,0,FALSE,FALSE,FALSE,FALSE,FALSE,FALSE
Liberia,LBR,2013,92,0,0,FALSE,FALSE,FALSE,TRUE,FALSE,FALSE
Liberia,LBR,2014,44,0,0,FALSE,FALSE,FALSE,TRUE,FALSE,FALSE
Liberia,LBR,2018,2,0,0,FALSE,FALSE,FALSE,TRUE,TRUE,FALSE
Liberia,LBR,1991,132,40,30.303030303030305,FALSE,FALSE,FALSE,FALSE,FALSE,FALSE
Liberia,LBR,2021,167,0,0,FALSE,FALSE,FALSE,FALSE,FALSE,FALSE
Liberia,LBR,1970,168,27,16.071428571428573,FALSE,FALSE,FALSE,FALSE,FALSE,FALSE
Liberia,LBR,1971,606,106,17.49174917491749,FALSE,FALSE,FALSE,FALSE,FALSE,FALSE
Liberia,LBR,1972,947,28,2.956705385427666,FALSE,FALSE,FALSE,FALSE,FALSE,FALSE
Liberia,LBR,1973,1336,27,2.0209580838323356,FALSE,FALSE,FALSE,FALSE,FALSE,FALSE
Liberia,LBR,1974,512,12,2.34375,FALSE,FALSE,FALSE,FALSE,FALSE,FALSE
Liberia,LBR,1975,704,16,2.272727272727273,FALSE,FALSE,FALSE,FALSE,FALSE,FALSE
Liberia,LBR,1976,646,10,1.5479876160990713,FALSE,FALSE,FALSE,FALSE,FALSE,FALSE
Liberia,LBR,1977,512,18,3.515625,FALSE,FALSE,FALSE,FALSE,FALSE,FALSE
Liberia,LBR,1978,422,9,2.132701421800948,FALSE,FALSE,FALSE,FALSE,FALSE,FALSE
Liberia,LBR,1979,438,6,1.36986301369863,FALSE,FALSE,FALSE,FALSE,FALSE,FALSE
Libya,LBY,1995,22,2,9.090909090909092,FALSE,FALSE,FALSE,TRUE,FALSE,FALSE
Libya,LBY,1970,1151,28,2.4326672458731537,FALSE,FALSE,FALSE,FALSE,FALSE,FALSE
Madagascar,MDG,1996,0,0,NA,FALSE,FALSE,TRUE,FALSE,FALSE,NA
Madagascar,MDG,1999,9973,549,5.504863130452221,FALSE,FALSE,FALSE,FALSE,FALSE,FALSE
Madagascar,MDG,2000,29305,1672,5.705511004947961,FALSE,FALSE,FALSE,FALSE,FALSE,FALSE
Madagascar,MDG,2001,7219,413,5.721013990857459,FALSE,FALSE,FALSE,FALSE,FALSE,FALSE
Madagascar,MDG,2002,27,0,0,FALSE,FALSE,FALSE,TRUE,FALSE,FALSE
Madagascar,MDG,2003,5,0,0,FALSE,FALSE,FALSE,TRUE,TRUE,FALSE
Madagascar,MDG,2005,0,0,NA,FALSE,FALSE,TRUE,FALSE,FALSE,NA
Madagascar,MDG,2006,0,0,NA,FALSE,FALSE,TRUE,FALSE,FALSE,NA
Madagascar,MDG,1971,2,0,0,FALSE,FALSE,FALSE,TRUE,TRUE,FALSE
Malawi,MWI,1981,261,0,0,FALSE,FALSE,FALSE,FALSE,FALSE,FALSE
Malawi,MWI,1983,487,49,10.061601642710473,FALSE,FALSE,FALSE,FALSE,FALSE,FALSE
Malawi,MWI,1988,6,0,0,FALSE,FALSE,FALSE,TRUE,TRUE,FALSE
Malawi,MWI,1989,8351,16,0.19159382109926956,FALSE,FALSE,FALSE,FALSE,FALSE,FALSE
Malawi,MWI,1990,13457,481,3.5743479230140447,FALSE,FALSE,FALSE,FALSE,FALSE,FALSE
Malawi,MWI,1991,8088,245,3.02917903066271,FALSE,FALSE,FALSE,FALSE,FALSE,FALSE
Malawi,MWI,1992,298,8,2.684563758389262,FALSE,FALSE,FALSE,FALSE,FALSE,FALSE
Malawi,MWI,1993,25193,524,2.079942841265431,FALSE,FALSE,FALSE,FALSE,FALSE,FALSE
Malawi,MWI,1994,107,11,10.280373831775702,FALSE,FALSE,FALSE,FALSE,FALSE,FALSE
Malawi,MWI,1995,1,0,0,FALSE,FALSE,FALSE,TRUE,TRUE,FALSE
Malawi,MWI,1996,1,0,0,FALSE,FALSE,FALSE,TRUE,TRUE,FALSE
Malawi,MWI,1997,130,15,11.538461538461538,FALSE,FALSE,FALSE,FALSE,FALSE,FALSE
Malawi,MWI,1998,1745,74,4.240687679083095,FALSE,FALSE,FALSE,FALSE,FALSE,FALSE
Malawi,MWI,1999,26508,648,2.444545043005885,FALSE,FALSE,FALSE,FALSE,FALSE,FALSE
Malawi,MWI,2000,2391,56,2.342116269343371,FALSE,FALSE,FALSE,FALSE,FALSE,FALSE
Malawi,MWI,2001,2395,42,1.7536534446764092,FALSE,FALSE,FALSE,FALSE,FALSE,FALSE
Malawi,MWI,2002,32618,911,2.7929364154761176,FALSE,FALSE,FALSE,FALSE,FALSE,FALSE
Malawi,MWI,2003,2736,34,1.2426900584795322,FALSE,FALSE,FALSE,FALSE,FALSE,FALSE
Malawi,MWI,2004,675,4,0.5925925925925926,FALSE,FALSE,FALSE,FALSE,FALSE,FALSE
Malawi,MWI,2005,1105,11,0.995475113122172,FALSE,FALSE,FALSE,FALSE,FALSE,FALSE
Malawi,MWI,2006,4148,55,1.325940212150434,FALSE,FALSE,FALSE,FALSE,FALSE,FALSE
Malawi,MWI,2007,475,5,1.0526315789473684,FALSE,FALSE,FALSE,FALSE,FALSE,FALSE
Malawi,MWI,2008,831,26,3.1287605294825513,FALSE,FALSE,FALSE,FALSE,FALSE,FALSE
Malawi,MWI,2009,5751,125,2.1735350373848026,FALSE,FALSE,FALSE,FALSE,FALSE,FALSE
Malawi,MWI,2010,1155,17,1.4718614718614718,FALSE,FALSE,FALSE,FALSE,FALSE,FALSE
Malawi,MWI,2011,120,4,3.3333333333333335,FALSE,FALSE,FALSE,FALSE,FALSE,FALSE
Malawi,MWI,2012,187,2,1.0695187165775402,FALSE,FALSE,FALSE,FALSE,FALSE,FALSE
Malawi,MWI,2015,693,11,1.5873015873015872,FALSE,FALSE,FALSE,FALSE,FALSE,FALSE
Malawi,MWI,2016,1792,46,2.5669642857142856,FALSE,FALSE,FALSE,FALSE,FALSE,FALSE
Malawi,MWI,2017,344,5,1.4534883720930232,FALSE,FALSE,FALSE,FALSE,FALSE,FALSE
Malawi,MWI,2018,812,27,3.3251231527093594,FALSE,FALSE,FALSE,FALSE,FALSE,FALSE
Malawi,MWI,2019,23,0,0,FALSE,FALSE,FALSE,TRUE,FALSE,FALSE
Malawi,MWI,2020,3,0,0,FALSE,FALSE,FALSE,TRUE,TRUE,FALSE
Malawi,MWI,2021,2,0,0,FALSE,FALSE,FALSE,TRUE,TRUE,FALSE
Malawi,MWI,1973,371,20,5.390835579514825,FALSE,FALSE,FALSE,FALSE,FALSE,FALSE
Malawi,MWI,1976,19,0,0,FALSE,FALSE,FALSE,TRUE,FALSE,FALSE
Malawi,MWI,1977,577,0,0,FALSE,FALSE,FALSE,FALSE,FALSE,FALSE
Malawi,MWI,1978,263,24,9.125475285171103,FALSE,FALSE,FALSE,FALSE,FALSE,FALSE
Malaysia,MYS,1980,97,7,7.216494845360825,FALSE,FALSE,FALSE,TRUE,FALSE,FALSE
Malaysia,MYS,1981,469,14,2.985074626865672,FALSE,FALSE,FALSE,FALSE,FALSE,FALSE
Malaysia,MYS,1982,516,17,3.294573643410853,FALSE,FALSE,FALSE,FALSE,FALSE,FALSE
Malaysia,MYS,1983,2195,38,1.7312072892938497,FALSE,FALSE,FALSE,FALSE,FALSE,FALSE
Malaysia,MYS,1984,67,1,1.492537313432836,FALSE,FALSE,FALSE,TRUE,FALSE,FALSE
Malaysia,MYS,1985,52,2,3.8461538461538463,FALSE,FALSE,FALSE,TRUE,FALSE,FALSE
Malaysia,MYS,1986,55,2,3.6363636363636362,FALSE,FALSE,FALSE,TRUE,FALSE,FALSE
Malaysia,MYS,1987,1168,18,1.5410958904109588,FALSE,FALSE,FALSE,FALSE,FALSE,FALSE
Malaysia,MYS,1988,1324,32,2.416918429003021,FALSE,FALSE,FALSE,FALSE,FALSE,FALSE
Malaysia,MYS,1989,393,14,3.5623409669211195,FALSE,FALSE,FALSE,FALSE,FALSE,FALSE
Malaysia,MYS,1990,2071,38,1.834862385321101,FALSE,FALSE,FALSE,FALSE,FALSE,FALSE
Malaysia,MYS,1991,506,6,1.1857707509881423,FALSE,FALSE,FALSE,FALSE,FALSE,FALSE
Malaysia,MYS,1992,474,8,1.6877637130801688,FALSE,FALSE,FALSE,FALSE,FALSE,FALSE
Malaysia,MYS,1993,995,13,1.306532663316583,FALSE,FALSE,FALSE,FALSE,FALSE,FALSE
Malaysia,MYS,1994,534,0,0,FALSE,FALSE,FALSE,FALSE,FALSE,FALSE
Malaysia,MYS,1995,2209,27,1.2222725215029424,FALSE,FALSE,FALSE,FALSE,FALSE,FALSE
Malaysia,MYS,1996,1486,0,0,FALSE,FALSE,FALSE,FALSE,FALSE,FALSE
Malaysia,MYS,1997,389,4,1.0282776349614395,FALSE,FALSE,FALSE,FALSE,FALSE,FALSE
Malaysia,MYS,1998,1304,19,1.4570552147239264,FALSE,FALSE,FALSE,FALSE,FALSE,FALSE
Malaysia,MYS,1999,535,0,0,FALSE,FALSE,FALSE,FALSE,FALSE,FALSE
Malaysia,MYS,2000,124,1,0.8064516129032258,FALSE,FALSE,FALSE,FALSE,FALSE,FALSE
Malaysia,MYS,2001,557,11,1.9748653500897666,FALSE,FALSE,FALSE,FALSE,FALSE,FALSE
Malaysia,MYS,2004,16,0,0,FALSE,FALSE,FALSE,TRUE,FALSE,FALSE
Malaysia,MYS,2006,237,2,0.8438818565400844,FALSE,FALSE,FALSE,FALSE,FALSE,FALSE
Malaysia,MYS,2007,0,0,NA,FALSE,FALSE,TRUE,FALSE,FALSE,NA
Malaysia,MYS,2009,187,1,0.5347593582887701,FALSE,FALSE,FALSE,FALSE,FALSE,FALSE
Malaysia,MYS,2010,443,6,1.3544018058690745,FALSE,FALSE,FALSE,FALSE,FALSE,FALSE
Malaysia,MYS,2011,586,10,1.7064846416382253,FALSE,FALSE,FALSE,FALSE,FALSE,FALSE
Malaysia,MYS,2012,282,1,0.3546099290780142,FALSE,FALSE,FALSE,FALSE,FALSE,FALSE
Malaysia,MYS,2013,171,1,0.5847953216374269,FALSE,FALSE,FALSE,FALSE,FALSE,FALSE
Malaysia,MYS,2014,134,1,0.746268656716418,FALSE,FALSE,FALSE,FALSE,FALSE,FALSE
Malaysia,MYS,2015,244,2,0.819672131147541,FALSE,FALSE,FALSE,FALSE,FALSE,FALSE
Malaysia,MYS,2017,2,0,0,FALSE,FALSE,FALSE,TRUE,TRUE,FALSE
Malaysia,MYS,2018,165,1,0.6060606060606061,FALSE,FALSE,FALSE,FALSE,FALSE,FALSE
Malaysia,MYS,2019,81,2,2.4691358024691357,FALSE,FALSE,FALSE,TRUE,FALSE,FALSE
Malaysia,MYS,1954,1,0,0,FALSE,FALSE,FALSE,TRUE,TRUE,FALSE
Malaysia,MYS,1963,349,24,6.876790830945558,FALSE,FALSE,FALSE,FALSE,FALSE,FALSE
Malaysia,MYS,1964,512,143,27.9296875,FALSE,FALSE,FALSE,FALSE,FALSE,FALSE
Malaysia,MYS,1965,16,1,6.25,FALSE,FALSE,FALSE,TRUE,FALSE,FALSE
Malaysia,MYS,1966,5,0,0,FALSE,FALSE,FALSE,TRUE,TRUE,FALSE
Malaysia,MYS,1968,15,3,20,FALSE,FALSE,FALSE,TRUE,FALSE,FALSE
Malaysia,MYS,1970,106,3,2.830188679245283,FALSE,FALSE,FALSE,FALSE,FALSE,FALSE
Malaysia,MYS,1971,53,1,1.8867924528301887,FALSE,FALSE,FALSE,TRUE,FALSE,FALSE
Malaysia,MYS,1972,864,11,1.2731481481481481,FALSE,FALSE,FALSE,FALSE,FALSE,FALSE
Malaysia,MYS,1973,369,17,4.607046070460704,FALSE,FALSE,FALSE,FALSE,FALSE,FALSE
Malaysia,MYS,1974,349,0,0,FALSE,FALSE,FALSE,FALSE,FALSE,FALSE
Malaysia,MYS,1975,110,8,7.2727272727272725,FALSE,FALSE,FALSE,FALSE,FALSE,FALSE
Malaysia,MYS,1976,246,4,1.6260162601626016,FALSE,FALSE,FALSE,FALSE,FALSE,FALSE
Malaysia,MYS,1977,444,12,2.7027027027027026,FALSE,FALSE,FALSE,FALSE,FALSE,FALSE
Malaysia,MYS,1978,1635,64,3.914373088685015,FALSE,FALSE,FALSE,FALSE,FALSE,FALSE
Malaysia,MYS,1979,502,10,1.9920318725099602,FALSE,FALSE,FALSE,FALSE,FALSE,FALSE
Maldives,MDV,1978,11336,220,1.9407198306280875,FALSE,FALSE,FALSE,FALSE,FALSE,FALSE
Mali,MLI,1984,1795,406,22.618384401114206,FALSE,FALSE,FALSE,FALSE,FALSE,FALSE
Mali,MLI,1985,3759,838,22.29316307528598,FALSE,FALSE,FALSE,FALSE,FALSE,FALSE
Mali,MLI,1986,1916,151,7.881002087682672,FALSE,FALSE,FALSE,FALSE,FALSE,FALSE
Mali,MLI,1987,352,84,23.863636363636363,FALSE,FALSE,FALSE,FALSE,FALSE,FALSE
Mali,MLI,1995,2191,231,10.543130990415335,FALSE,FALSE,FALSE,FALSE,FALSE,FALSE
Mali,MLI,1996,5723,761,13.297221736851302,FALSE,FALSE,FALSE,FALSE,FALSE,FALSE
Mali,MLI,1997,6,3,50,FALSE,FALSE,FALSE,TRUE,TRUE,FALSE
Mali,MLI,1999,6,3,50,FALSE,FALSE,FALSE,TRUE,TRUE,FALSE
Mali,MLI,2000,1885,51,2.7055702917771884,FALSE,FALSE,FALSE,FALSE,FALSE,FALSE
Mali,MLI,2001,67,9,13.432835820895523,FALSE,FALSE,FALSE,TRUE,FALSE,FALSE
Mali,MLI,2002,18,2,11.11111111111111,FALSE,FALSE,FALSE,TRUE,FALSE,FALSE
Mali,MLI,2003,1455,119,8.1786941580756,FALSE,FALSE,FALSE,FALSE,FALSE,FALSE
Mali,MLI,2004,2839,205,7.220852412821416,FALSE,FALSE,FALSE,FALSE,FALSE,FALSE
Mali,MLI,2005,1178,76,6.451612903225806,FALSE,FALSE,FALSE,FALSE,FALSE,FALSE
Mali,MLI,2006,7,0,0,FALSE,FALSE,FALSE,TRUE,TRUE,FALSE
Mali,MLI,2008,153,5,3.2679738562091503,FALSE,FALSE,FALSE,FALSE,FALSE,FALSE
Mali,MLI,2011,2220,95,4.2792792792792795,FALSE,FALSE,FALSE,FALSE,FALSE,FALSE
Mali,MLI,2012,219,19,8.67579908675799,FALSE,FALSE,FALSE,FALSE,FALSE,FALSE
Mali,MLI,2013,23,2,8.695652173913043,FALSE,FALSE,FALSE,TRUE,FALSE,FALSE
Mali,MLI,2021,12,4,33.333333333333336,FALSE,FALSE,FALSE,TRUE,FALSE,FALSE
Mali,MLI,1970,2665,201,7.542213883677299,FALSE,FALSE,FALSE,FALSE,FALSE,FALSE
Mali,MLI,1971,4792,1321,27.56677796327212,FALSE,FALSE,FALSE,FALSE,FALSE,FALSE
Mali,MLI,1972,2,0,0,FALSE,FALSE,FALSE,TRUE,TRUE,FALSE
Mali,MLI,1973,219,32,14.61187214611872,FALSE,FALSE,FALSE,FALSE,FALSE,FALSE
Mali,MLI,1974,130,21,16.153846153846153,FALSE,FALSE,FALSE,FALSE,FALSE,FALSE
Marshall Islands,MHL,2000,300,6,2,FALSE,FALSE,FALSE,FALSE,FALSE,FALSE
Mauritania,MRT,1984,166,15,9.036144578313253,FALSE,FALSE,FALSE,FALSE,FALSE,FALSE
Mauritania,MRT,1985,259,20,7.722007722007722,FALSE,FALSE,FALSE,FALSE,FALSE,FALSE
Mauritania,MRT,1986,3734,113,3.0262453133369043,FALSE,FALSE,FALSE,FALSE,FALSE,FALSE
Mauritania,MRT,1987,1578,101,6.400506970849176,FALSE,FALSE,FALSE,FALSE,FALSE,FALSE
Mauritania,MRT,1988,575,38,6.608695652173913,FALSE,FALSE,FALSE,FALSE,FALSE,FALSE
Mauritania,MRT,1989,700,27,3.857142857142857,FALSE,FALSE,FALSE,FALSE,FALSE,FALSE
Mauritania,MRT,1996,4534,148,3.2642258491398324,FALSE,FALSE,FALSE,FALSE,FALSE,FALSE
Mauritania,MRT,1997,462,7,1.5151515151515151,FALSE,FALSE,FALSE,FALSE,FALSE,FALSE
Mauritania,MRT,2002,80,0,0,FALSE,FALSE,FALSE,TRUE,FALSE,FALSE
Mauritania,MRT,2003,34,8,23.529411764705884,FALSE,FALSE,FALSE,TRUE,FALSE,FALSE
Mauritania,MRT,2005,4132,70,1.6940948693126816,FALSE,FALSE,FALSE,FALSE,FALSE,FALSE
Mauritania,MRT,2006,25,0,0,FALSE,FALSE,FALSE,TRUE,FALSE,FALSE
Mauritania,MRT,2007,3,0,0,FALSE,FALSE,FALSE,TRUE,TRUE,FALSE
Mauritania,MRT,2011,46,3,6.521739130434782,FALSE,FALSE,FALSE,TRUE,FALSE,FALSE
Mauritania,MRT,1971,1139,53,4.653204565408253,FALSE,FALSE,FALSE,FALSE,FALSE,FALSE
Mauritania,MRT,1972,148,24,16.216216216216218,FALSE,FALSE,FALSE,FALSE,FALSE,FALSE
Mauritania,MRT,1973,150,22,14.666666666666666,FALSE,FALSE,FALSE,FALSE,FALSE,FALSE
Mauritius,MUS,2005,0,0,NA,FALSE,FALSE,TRUE,FALSE,FALSE,NA
Mauritius,MUS,2006,0,0,NA,FALSE,FALSE,TRUE,FALSE,FALSE,NA
Mexico,MEX,1991,2690,34,1.2639405204460967,FALSE,FALSE,FALSE,FALSE,FALSE,FALSE
Mexico,MEX,1992,8162,99,1.2129380053908356,FALSE,FALSE,FALSE,FALSE,FALSE,FALSE
Mexico,MEX,1993,10712,193,1.8017176997759523,FALSE,FALSE,FALSE,FALSE,FALSE,FALSE
Mexico,MEX,1994,4059,56,1.379650160137965,FALSE,FALSE,FALSE,FALSE,FALSE,FALSE
Mexico,MEX,1995,16430,137,0.8338405356055996,FALSE,FALSE,FALSE,FALSE,FALSE,FALSE
Mexico,MEX,1996,1088,5,0.45955882352941174,FALSE,FALSE,FALSE,FALSE,FALSE,FALSE
Mexico,MEX,1997,2356,1,0.042444821731748725,FALSE,FALSE,FALSE,FALSE,FALSE,FALSE
Mexico,MEX,1998,71,0,0,FALSE,FALSE,FALSE,TRUE,FALSE,FALSE
Mexico,MEX,2000,5,0,0,FALSE,FALSE,FALSE,TRUE,TRUE,FALSE
Mexico,MEX,2001,1,0,0,FALSE,FALSE,FALSE,TRUE,TRUE,FALSE
Mexico,MEX,2008,1,0,0,FALSE,FALSE,FALSE,TRUE,TRUE,FALSE
Mexico,MEX,2010,1,0,0,FALSE,FALSE,FALSE,TRUE,TRUE,FALSE
Mexico,MEX,2011,1,0,0,FALSE,FALSE,FALSE,TRUE,TRUE,FALSE
Mexico,MEX,2012,2,0,0,FALSE,FALSE,FALSE,TRUE,TRUE,FALSE
Mexico,MEX,2013,187,1,0.5347593582887701,FALSE,FALSE,FALSE,FALSE,FALSE,FALSE
Mexico,MEX,2014,14,0,0,FALSE,FALSE,FALSE,TRUE,FALSE,FALSE
Mexico,MEX,2015,1,0,0,FALSE,FALSE,FALSE,TRUE,TRUE,FALSE
Mexico,MEX,2018,1,0,0,FALSE,FALSE,FALSE,TRUE,TRUE,FALSE
Micronesia (country),FSM,1990,34,1,2.9411764705882355,FALSE,FALSE,FALSE,TRUE,FALSE,FALSE
Micronesia (country),FSM,1996,1,0,0,FALSE,FALSE,FALSE,TRUE,TRUE,FALSE
Micronesia (country),FSM,2000,3452,20,0.5793742757821553,FALSE,FALSE,FALSE,FALSE,FALSE,FALSE
Micronesia (country),FSM,2001,14,0,0,FALSE,FALSE,FALSE,TRUE,FALSE,FALSE
Micronesia (country),FSM,2005,0,0,NA,FALSE,FALSE,TRUE,FALSE,FALSE,NA
Moldova,MDA,1993,1,0,0,FALSE,FALSE,FALSE,TRUE,TRUE,FALSE
Moldova,MDA,1994,8,0,0,FALSE,FALSE,FALSE,TRUE,TRUE,FALSE
Moldova,MDA,1995,240,5,2.0833333333333335,FALSE,FALSE,FALSE,FALSE,FALSE,FALSE
Mongolia,MNG,1996,177,12,6.779661016949152,FALSE,FALSE,FALSE,FALSE,FALSE,FALSE
Mongolia,MNG,2005,0,0,NA,FALSE,FALSE,TRUE,FALSE,FALSE,NA
Morocco,MAR,1990,4573,137,2.995845178219987,FALSE,FALSE,FALSE,FALSE,FALSE,FALSE
Morocco,MAR,1994,6,0,0,FALSE,FALSE,FALSE,TRUE,TRUE,FALSE
Morocco,MAR,1971,56,0,0,FALSE,FALSE,FALSE,TRUE,FALSE,FALSE
Morocco,MAR,1972,7,0,0,FALSE,FALSE,FALSE,TRUE,TRUE,FALSE
Morocco,MAR,1976,2,0,0,FALSE,FALSE,FALSE,TRUE,TRUE,FALSE
Mozambique,MOZ,1980,1212,85,7.013201320132013,FALSE,FALSE,FALSE,FALSE,FALSE,FALSE
Mozambique,MOZ,1981,1753,132,7.529948659440958,FALSE,FALSE,FALSE,FALSE,FALSE,FALSE
Mozambique,MOZ,1982,2301,199,8.648413733159495,FALSE,FALSE,FALSE,FALSE,FALSE,FALSE
Mozambique,MOZ,1983,10745,447,4.1600744532340626,FALSE,FALSE,FALSE,FALSE,FALSE,FALSE
Mozambique,MOZ,1984,521,11,2.111324376199616,FALSE,FALSE,FALSE,FALSE,FALSE,FALSE
Mozambique,MOZ,1985,3,0,0,FALSE,FALSE,FALSE,TRUE,TRUE,FALSE
Mozambique,MOZ,1986,1,0,0,FALSE,FALSE,FALSE,TRUE,TRUE,FALSE
Mozambique,MOZ,1989,371,12,3.234501347708895,FALSE,FALSE,FALSE,FALSE,FALSE,FALSE
Mozambique,MOZ,1990,4152,194,4.672447013487476,FALSE,FALSE,FALSE,FALSE,FALSE,FALSE
Mozambique,MOZ,1991,7847,328,4.179941378870906,FALSE,FALSE,FALSE,FALSE,FALSE,FALSE
Mozambique,MOZ,1992,30802,727,2.3602363482890723,FALSE,FALSE,FALSE,FALSE,FALSE,FALSE
Mozambique,MOZ,1993,19803,507,2.5602181487653386,FALSE,FALSE,FALSE,FALSE,FALSE,FALSE
Mozambique,MOZ,1994,692,27,3.901734104046243,FALSE,FALSE,FALSE,FALSE,FALSE,FALSE
Mozambique,MOZ,1996,0,0,NA,FALSE,FALSE,TRUE,FALSE,FALSE,NA
Mozambique,MOZ,1997,8739,259,2.9637258267536333,FALSE,FALSE,FALSE,FALSE,FALSE,FALSE
Mozambique,MOZ,1998,42672,1353,3.170697412823397,FALSE,FALSE,FALSE,FALSE,FALSE,FALSE
Mozambique,MOZ,1999,44329,1194,2.6934963567867536,FALSE,FALSE,FALSE,FALSE,FALSE,FALSE
Mozambique,MOZ,2000,17649,238,1.348518329650405,FALSE,FALSE,FALSE,FALSE,FALSE,FALSE
Mozambique,MOZ,2001,8794,102,1.1598817375483284,FALSE,FALSE,FALSE,FALSE,FALSE,FALSE
Mozambique,MOZ,2002,24375,342,1.403076923076923,FALSE,FALSE,FALSE,FALSE,FALSE,FALSE
Mozambique,MOZ,2003,13758,102,0.7413868294810292,FALSE,FALSE,FALSE,FALSE,FALSE,FALSE
Mozambique,MOZ,2004,20080,110,0.547808764940239,FALSE,FALSE,FALSE,FALSE,FALSE,FALSE
Mozambique,MOZ,2005,2226,24,1.0781671159029649,FALSE,FALSE,FALSE,FALSE,FALSE,FALSE
Mozambique,MOZ,2006,6306,29,0.45987947986045036,FALSE,FALSE,FALSE,FALSE,FALSE,FALSE
Mozambique,MOZ,2007,2622,22,0.8390541571319603,FALSE,FALSE,FALSE,FALSE,FALSE,FALSE
Mozambique,MOZ,2008,9087,102,1.1224826675470452,FALSE,FALSE,FALSE,FALSE,FALSE,FALSE
Mozambique,MOZ,2009,19679,155,0.7876416484577469,FALSE,FALSE,FALSE,FALSE,FALSE,FALSE
Mozambique,MOZ,2010,7430,117,1.5746971736204576,FALSE,FALSE,FALSE,FALSE,FALSE,FALSE
Mozambique,MOZ,2011,1279,5,0.39093041438623927,FALSE,FALSE,FALSE,FALSE,FALSE,FALSE
Mozambique,MOZ,2012,647,7,1.0819165378670788,FALSE,FALSE,FALSE,FALSE,FALSE,FALSE
Mozambique,MOZ,2013,1869,19,1.0165864098448367,FALSE,FALSE,FALSE,FALSE,FALSE,FALSE
Mozambique,MOZ,2014,480,1,0.20833333333333334,FALSE,FALSE,FALSE,FALSE,FALSE,FALSE
Mozambique,MOZ,2015,8739,64,0.7323492390433688,FALSE,FALSE,FALSE,FALSE,FALSE,FALSE
Mozambique,MOZ,2016,883,2,0.22650056625141562,FALSE,FALSE,FALSE,FALSE,FALSE,FALSE
Mozambique,MOZ,2017,5892,10,0.1697216564833673,FALSE,FALSE,FALSE,FALSE,FALSE,FALSE
Mozambique,MOZ,2018,910,0,0,FALSE,FALSE,FALSE,FALSE,FALSE,FALSE
Mozambique,MOZ,2019,7010,8,0.11412268188302425,FALSE,FALSE,FALSE,FALSE,FALSE,FALSE
Mozambique,MOZ,2020,3787,4,0.10562450488513335,FALSE,FALSE,FALSE,FALSE,FALSE,FALSE
Mozambique,MOZ,2021,5072,21,0.4140378548895899,FALSE,FALSE,FALSE,FALSE,FALSE,FALSE
Mozambique,MOZ,1973,453,87,19.205298013245034,FALSE,FALSE,FALSE,FALSE,FALSE,FALSE
Mozambique,MOZ,1974,1018,138,13.555992141453832,FALSE,FALSE,FALSE,FALSE,FALSE,FALSE
Mozambique,MOZ,1975,11,3,27.272727272727273,FALSE,FALSE,FALSE,TRUE,FALSE,FALSE
Mozambique,MOZ,1976,3,2,66.66666666666667,FALSE,FALSE,FALSE,TRUE,TRUE,FALSE
Mozambique,MOZ,1977,18,3,16.666666666666668,FALSE,FALSE,FALSE,TRUE,FALSE,FALSE
Mozambique,MOZ,1979,4564,547,11.98510078878177,FALSE,FALSE,FALSE,FALSE,FALSE,FALSE
Myanmar,MMR,1980,1018,50,4.911591355599215,FALSE,FALSE,FALSE,FALSE,FALSE,FALSE
Myanmar,MMR,1981,28,3,10.714285714285714,FALSE,FALSE,FALSE,TRUE,FALSE,FALSE
Myanmar,MMR,1983,989,29,2.9322548028311424,FALSE,FALSE,FALSE,FALSE,FALSE,FALSE
Myanmar,MMR,1989,597,11,1.8425460636515913,FALSE,FALSE,FALSE,FALSE,FALSE,FALSE
Myanmar,MMR,1991,924,39,4.220779220779221,FALSE,FALSE,FALSE,FALSE,FALSE,FALSE
Myanmar,MMR,1992,826,50,6.053268765133172,FALSE,FALSE,FALSE,FALSE,FALSE,FALSE
Myanmar,MMR,1993,1758,52,2.9579067121729237,FALSE,FALSE,FALSE,FALSE,FALSE,FALSE
Myanmar,MMR,1994,421,4,0.9501187648456056,FALSE,FALSE,FALSE,FALSE,FALSE,FALSE
Myanmar,MMR,1995,1296,6,0.46296296296296297,FALSE,FALSE,FALSE,FALSE,FALSE,FALSE
Myanmar,MMR,2008,45,1,2.2222222222222223,FALSE,FALSE,FALSE,TRUE,FALSE,FALSE
Myanmar,MMR,2012,174,0,0,FALSE,FALSE,FALSE,FALSE,FALSE,FALSE
Myanmar,MMR,2013,33,0,0,FALSE,FALSE,FALSE,TRUE,FALSE,FALSE
Myanmar,MMR,2015,103,12,11.650485436893204,FALSE,FALSE,FALSE,FALSE,FALSE,FALSE
Myanmar,MMR,2016,782,11,1.4066496163682864,FALSE,FALSE,FALSE,FALSE,FALSE,FALSE
Myanmar,MMR,1950,4212,2785,66.12060778727445,FALSE,FALSE,FALSE,FALSE,FALSE,FALSE
Myanmar,MMR,1951,6753,4685,69.3765733747964,FALSE,FALSE,FALSE,FALSE,FALSE,FALSE
Myanmar,MMR,1952,347,245,70.60518731988472,FALSE,FALSE,FALSE,FALSE,FALSE,FALSE
Myanmar,MMR,1953,22,9,40.90909090909091,FALSE,FALSE,FALSE,TRUE,FALSE,FALSE
Myanmar,MMR,1954,35,19,54.285714285714285,FALSE,FALSE,FALSE,TRUE,FALSE,FALSE
Myanmar,MMR,1955,42,12,28.571428571428573,FALSE,FALSE,FALSE,TRUE,FALSE,FALSE
Myanmar,MMR,1956,13,6,46.15384615384615,FALSE,FALSE,FALSE,TRUE,FALSE,FALSE
Myanmar,MMR,1957,10,3,30,FALSE,FALSE,FALSE,TRUE,FALSE,FALSE
Myanmar,MMR,1958,7,3,42.857142857142854,FALSE,FALSE,FALSE,TRUE,TRUE,FALSE
Myanmar,MMR,1959,3,2,66.66666666666667,FALSE,FALSE,FALSE,TRUE,TRUE,FALSE
Myanmar,MMR,1960,259,200,77.22007722007721,FALSE,FALSE,FALSE,FALSE,FALSE,FALSE
Myanmar,MMR,1961,1,0,0,FALSE,FALSE,FALSE,TRUE,TRUE,FALSE
Myanmar,MMR,1962,1,0,0,FALSE,FALSE,FALSE,TRUE,TRUE,FALSE
Myanmar,MMR,1963,3019,783,25.93574031136138,FALSE,FALSE,FALSE,FALSE,FALSE,FALSE
Myanmar,MMR,1964,922,171,18.546637744034708,FALSE,FALSE,FALSE,FALSE,FALSE,FALSE
Myanmar,MMR,1965,207,8,3.864734299516908,FALSE,FALSE,FALSE,FALSE,FALSE,FALSE
Myanmar,MMR,1966,263,17,6.4638783269961975,FALSE,FALSE,FALSE,FALSE,FALSE,FALSE
Myanmar,MMR,1967,9,0,0,FALSE,FALSE,FALSE,TRUE,TRUE,FALSE
Myanmar,MMR,1968,3,0,0,FALSE,FALSE,FALSE,TRUE,TRUE,FALSE
Myanmar,MMR,1969,205,34,16.585365853658537,FALSE,FALSE,FALSE,FALSE,FALSE,FALSE
Myanmar,MMR,1970,911,76,8.342480790340286,FALSE,FALSE,FALSE,FALSE,FALSE,FALSE
Myanmar,MMR,1971,378,42,11.11111111111111,FALSE,FALSE,FALSE,FALSE,FALSE,FALSE
Myanmar,MMR,1972,180,7,3.888888888888889,FALSE,FALSE,FALSE,FALSE,FALSE,FALSE
Myanmar,MMR,1973,386,24,6.217616580310881,FALSE,FALSE,FALSE,FALSE,FALSE,FALSE
Myanmar,MMR,1974,2363,203,8.590774439272112,FALSE,FALSE,FALSE,FALSE,FALSE,FALSE
Myanmar,MMR,1975,2942,172,5.846363018354861,FALSE,FALSE,FALSE,FALSE,FALSE,FALSE
Myanmar,MMR,1976,1519,173,11.389071757735353,FALSE,FALSE,FALSE,FALSE,FALSE,FALSE
Myanmar,MMR,1978,3551,372,10.475922275415376,FALSE,FALSE,FALSE,FALSE,FALSE,FALSE
Myanmar,MMR,1979,874,75,8.581235697940503,FALSE,FALSE,FALSE,FALSE,FALSE,FALSE
Namibia,NAM,2005,0,0,NA,FALSE,FALSE,TRUE,FALSE,FALSE,NA
Namibia,NAM,2006,185,5,2.7027027027027026,FALSE,FALSE,FALSE,FALSE,FALSE,FALSE
Namibia,NAM,2007,14,0,0,FALSE,FALSE,FALSE,TRUE,FALSE,FALSE
Namibia,NAM,2008,3496,38,1.0869565217391304,FALSE,FALSE,FALSE,FALSE,FALSE,FALSE
Namibia,NAM,2009,159,3,1.8867924528301887,FALSE,FALSE,FALSE,FALSE,FALSE,FALSE
Namibia,NAM,2013,3,0,0,FALSE,FALSE,FALSE,TRUE,TRUE,FALSE
Namibia,NAM,2014,485,13,2.6804123711340204,FALSE,FALSE,FALSE,FALSE,FALSE,FALSE
Nauru,NRU,1978,38,0,0,FALSE,FALSE,FALSE,TRUE,FALSE,FALSE
Nauru,NRU,1979,50,0,0,FALSE,FALSE,FALSE,TRUE,FALSE,FALSE
Nepal,NPL,1980,1,0,0,FALSE,FALSE,FALSE,TRUE,TRUE,FALSE
Nepal,NPL,1981,24,0,0,FALSE,FALSE,FALSE,TRUE,FALSE,FALSE
Nepal,NPL,1989,141,2,1.4184397163120568,FALSE,FALSE,FALSE,FALSE,FALSE,FALSE
Nepal,NPL,1990,23888,495,2.072170127260549,FALSE,FALSE,FALSE,FALSE,FALSE,FALSE
Nepal,NPL,1991,30648,873,2.8484729835552076,FALSE,FALSE,FALSE,FALSE,FALSE,FALSE
Nepal,NPL,1992,798,15,1.8796992481203008,FALSE,FALSE,FALSE,FALSE,FALSE,FALSE
Nepal,NPL,1993,31,0,0,FALSE,FALSE,FALSE,TRUE,FALSE,FALSE
Nepal,NPL,1994,32,0,0,FALSE,FALSE,FALSE,TRUE,FALSE,FALSE
Nepal,NPL,1995,157,0,0,FALSE,FALSE,FALSE,FALSE,FALSE,FALSE
Nepal,NPL,1996,274,1,0.36496350364963503,FALSE,FALSE,FALSE,FALSE,FALSE,FALSE
Nepal,NPL,1997,245,0,0,FALSE,FALSE,FALSE,FALSE,FALSE,FALSE
Nepal,NPL,1998,1745,17,0.9742120343839542,FALSE,FALSE,FALSE,FALSE,FALSE,FALSE
Nepal,NPL,2007,264,0,0,FALSE,FALSE,FALSE,FALSE,FALSE,FALSE
Nepal,NPL,2009,82,0,0,FALSE,FALSE,FALSE,TRUE,FALSE,FALSE
Nepal,NPL,2010,1790,9,0.5027932960893855,FALSE,FALSE,FALSE,FALSE,FALSE,FALSE
Nepal,NPL,2012,34,0,0,FALSE,FALSE,FALSE,TRUE,FALSE,FALSE
Nepal,NPL,2014,933,2,0.21436227224008575,FALSE,FALSE,FALSE,FALSE,FALSE,FALSE
Nepal,NPL,2015,80,0,0,FALSE,FALSE,FALSE,TRUE,FALSE,FALSE
Nepal,NPL,2016,169,0,0,FALSE,FALSE,FALSE,FALSE,FALSE,FALSE
Nepal,NPL,2017,7,0,0,FALSE,FALSE,FALSE,TRUE,TRUE,FALSE
Nepal,NPL,2018,7,0,0,FALSE,FALSE,FALSE,TRUE,TRUE,FALSE
Nepal,NPL,2021,1609,7,0.435052827843381,FALSE,FALSE,FALSE,FALSE,FALSE,FALSE
Nepal,NPL,1958,2706,384,14.19068736141907,FALSE,FALSE,FALSE,FALSE,FALSE,FALSE
Nepal,NPL,1965,727,97,13.342503438789546,FALSE,FALSE,FALSE,FALSE,FALSE,FALSE
Nepal,NPL,1966,2,0,0,FALSE,FALSE,FALSE,TRUE,TRUE,FALSE
Nepal,NPL,1968,34,17,50,FALSE,FALSE,FALSE,TRUE,FALSE,FALSE
Nepal,NPL,1969,226,6,2.6548672566371683,FALSE,FALSE,FALSE,FALSE,FALSE,FALSE
Nepal,NPL,1970,391,1,0.2557544757033248,FALSE,FALSE,FALSE,FALSE,FALSE,FALSE
Nepal,NPL,1971,4,0,0,FALSE,FALSE,FALSE,TRUE,TRUE,FALSE
Nepal,NPL,1972,1,0,0,FALSE,FALSE,FALSE,TRUE,TRUE,FALSE
Nepal,NPL,1973,7,0,0,FALSE,FALSE,FALSE,TRUE,TRUE,FALSE
Nepal,NPL,1974,8,0,0,FALSE,FALSE,FALSE,TRUE,TRUE,FALSE
Nepal,NPL,1975,260,0,0,FALSE,FALSE,FALSE,FALSE,FALSE,FALSE
Nepal,NPL,1976,185,1,0.5405405405405406,FALSE,FALSE,FALSE,FALSE,FALSE,FALSE
Nepal,NPL,1977,428,4,0.9345794392523364,FALSE,FALSE,FALSE,FALSE,FALSE,FALSE
Nepal,NPL,1978,1662,10,0.601684717208183,FALSE,FALSE,FALSE,FALSE,FALSE,FALSE
Nepal,NPL,1979,22,0,0,FALSE,FALSE,FALSE,TRUE,FALSE,FALSE
Netherlands,NLD,1983,2,0,0,FALSE,FALSE,FALSE,TRUE,TRUE,FALSE
Netherlands,NLD,1988,1,0,0,FALSE,FALSE,FALSE,TRUE,TRUE,FALSE
Netherlands,NLD,1990,3,0,0,FALSE,FALSE,FALSE,TRUE,TRUE,FALSE
Netherlands,NLD,1993,3,0,0,FALSE,FALSE,FALSE,TRUE,TRUE,FALSE
Netherlands,NLD,1994,1,0,0,FALSE,FALSE,FALSE,TRUE,TRUE,FALSE
Netherlands,NLD,1995,9,0,0,FALSE,FALSE,FALSE,TRUE,TRUE,FALSE
Netherlands,NLD,1996,3,0,0,FALSE,FALSE,FALSE,TRUE,TRUE,FALSE
Netherlands,NLD,1997,2,0,0,FALSE,FALSE,FALSE,TRUE,TRUE,FALSE
Netherlands,NLD,1998,4,0,0,FALSE,FALSE,FALSE,TRUE,TRUE,FALSE
Netherlands,NLD,1999,2,0,0,FALSE,FALSE,FALSE,TRUE,TRUE,FALSE
Netherlands,NLD,2004,1,0,0,FALSE,FALSE,FALSE,TRUE,TRUE,FALSE
Netherlands,NLD,2005,4,0,0,FALSE,FALSE,FALSE,TRUE,TRUE,FALSE
Netherlands,NLD,2006,3,0,0,FALSE,FALSE,FALSE,TRUE,TRUE,FALSE
Netherlands,NLD,2008,5,0,0,FALSE,FALSE,FALSE,TRUE,TRUE,FALSE
Netherlands,NLD,2016,1,0,0,FALSE,FALSE,FALSE,TRUE,TRUE,FALSE
Netherlands,NLD,1976,1,1,100,FALSE,FALSE,FALSE,TRUE,TRUE,FALSE
Netherlands,NLD,1977,1,0,0,FALSE,FALSE,FALSE,TRUE,TRUE,FALSE
Netherlands,NLD,1978,4,0,0,FALSE,FALSE,FALSE,TRUE,TRUE,FALSE
Netherlands,NLD,1979,5,0,0,FALSE,FALSE,FALSE,TRUE,TRUE,FALSE
New Zealand,NZL,1987,2,0,0,FALSE,FALSE,FALSE,TRUE,TRUE,FALSE
New Zealand,NZL,1990,5,0,0,FALSE,FALSE,FALSE,TRUE,TRUE,FALSE
New Zealand,NZL,1994,2,0,0,FALSE,FALSE,FALSE,TRUE,TRUE,FALSE
New Zealand,NZL,1995,2,0,0,FALSE,FALSE,FALSE,TRUE,TRUE,FALSE
New Zealand,NZL,1998,1,0,0,FALSE,FALSE,FALSE,TRUE,TRUE,FALSE
New Zealand,NZL,1999,1,0,0,FALSE,FALSE,FALSE,TRUE,TRUE,FALSE
New Zealand,NZL,2005,1,0,0,FALSE,FALSE,FALSE,TRUE,TRUE,FALSE
New Zealand,NZL,2018,1,0,0,FALSE,FALSE,FALSE,TRUE,TRUE,FALSE
New Zealand,NZL,1972,3,1,33.333333333333336,FALSE,FALSE,FALSE,TRUE,TRUE,FALSE
Nicaragua,NIC,1991,1,0,0,FALSE,FALSE,FALSE,TRUE,TRUE,FALSE
Nicaragua,NIC,1992,3067,46,1.4998369742419302,FALSE,FALSE,FALSE,FALSE,FALSE,FALSE
Nicaragua,NIC,1993,6631,220,3.3177499622982958,FALSE,FALSE,FALSE,FALSE,FALSE,FALSE
Nicaragua,NIC,1994,7821,134,1.7133358905510805,FALSE,FALSE,FALSE,FALSE,FALSE,FALSE
Nicaragua,NIC,1995,8825,164,1.858356940509915,FALSE,FALSE,FALSE,FALSE,FALSE,FALSE
Nicaragua,NIC,1996,2813,107,3.8037682189832918,FALSE,FALSE,FALSE,FALSE,FALSE,FALSE
Nicaragua,NIC,1997,1283,36,2.8059236165237724,FALSE,FALSE,FALSE,FALSE,FALSE,FALSE
Nicaragua,NIC,1998,1437,29,2.0180932498260264,FALSE,FALSE,FALSE,FALSE,FALSE,FALSE
Nicaragua,NIC,1999,552,7,1.2681159420289856,FALSE,FALSE,FALSE,FALSE,FALSE,FALSE
Nicaragua,NIC,2000,12,0,0,FALSE,FALSE,FALSE,TRUE,FALSE,FALSE
Niger,NER,1981,7,0,0,FALSE,FALSE,FALSE,TRUE,TRUE,FALSE
Niger,NER,1984,3788,308,8.130939809926083,FALSE,FALSE,FALSE,FALSE,FALSE,FALSE
Niger,NER,1989,166,22,13.25301204819277,FALSE,FALSE,FALSE,FALSE,FALSE,FALSE
Niger,NER,1991,3238,367,11.334156886967264,FALSE,FALSE,FALSE,FALSE,FALSE,FALSE
Niger,NER,1994,732,83,11.33879781420765,FALSE,FALSE,FALSE,FALSE,FALSE,FALSE
Niger,NER,1995,264,15,5.681818181818182,FALSE,FALSE,FALSE,FALSE,FALSE,FALSE
Niger,NER,1996,3957,206,5.2059641142279505,FALSE,FALSE,FALSE,FALSE,FALSE,FALSE
Niger,NER,1997,259,13,5.019305019305019,FALSE,FALSE,FALSE,FALSE,FALSE,FALSE
Niger,NER,1999,1186,85,7.166947723440135,FALSE,FALSE,FALSE,FALSE,FALSE,FALSE
Niger,NER,2000,225,38,16.88888888888889,FALSE,FALSE,FALSE,FALSE,FALSE,FALSE
Niger,NER,2001,81,1,1.2345679012345678,FALSE,FALSE,FALSE,TRUE,FALSE,FALSE
Niger,NER,2002,236,12,5.084745762711864,FALSE,FALSE,FALSE,FALSE,FALSE,FALSE
Niger,NER,2003,292,11,3.767123287671233,FALSE,FALSE,FALSE,FALSE,FALSE,FALSE
Niger,NER,2004,2178,57,2.6170798898071626,FALSE,FALSE,FALSE,FALSE,FALSE,FALSE
Niger,NER,2005,553,55,9.945750452079565,FALSE,FALSE,FALSE,FALSE,FALSE,FALSE
Niger,NER,2006,1232,81,6.574675324675325,FALSE,FALSE,FALSE,FALSE,FALSE,FALSE
Niger,NER,2007,24,2,8.333333333333334,FALSE,FALSE,FALSE,TRUE,FALSE,FALSE
Niger,NER,2008,972,70,7.20164609053498,FALSE,FALSE,FALSE,FALSE,FALSE,FALSE
Niger,NER,2010,1154,66,5.719237435008665,FALSE,FALSE,FALSE,FALSE,FALSE,FALSE
Niger,NER,2011,2324,60,2.5817555938037864,FALSE,FALSE,FALSE,FALSE,FALSE,FALSE
Niger,NER,2012,5284,110,2.081756245268736,FALSE,FALSE,FALSE,FALSE,FALSE,FALSE
Niger,NER,2013,585,13,2.2222222222222223,FALSE,FALSE,FALSE,FALSE,FALSE,FALSE
Niger,NER,2014,2059,80,3.885381253035454,FALSE,FALSE,FALSE,FALSE,FALSE,FALSE
Niger,NER,2015,51,4,7.8431372549019605,FALSE,FALSE,FALSE,TRUE,FALSE,FALSE
Niger,NER,2016,38,6,15.789473684210526,FALSE,FALSE,FALSE,TRUE,FALSE,FALSE
Niger,NER,2018,3900,78,2,FALSE,FALSE,FALSE,FALSE,FALSE,FALSE
Niger,NER,2021,5591,166,2.96905741370059,FALSE,FALSE,FALSE,FALSE,FALSE,FALSE
Niger,NER,1970,16,8,50,FALSE,FALSE,FALSE,TRUE,FALSE,FALSE
Niger,NER,1971,9265,2344,25.299514301133296,FALSE,FALSE,FALSE,FALSE,FALSE,FALSE
Niger,NER,1972,51,12,23.529411764705884,FALSE,FALSE,FALSE,TRUE,FALSE,FALSE
Niger,NER,1973,121,16,13.223140495867769,FALSE,FALSE,FALSE,FALSE,FALSE,FALSE
Niger,NER,1974,286,75,26.223776223776223,FALSE,FALSE,FALSE,FALSE,FALSE,FALSE
Nigeria,NGA,1980,138,25,18.115942028985508,FALSE,FALSE,FALSE,FALSE,FALSE,FALSE
Nigeria,NGA,1981,107,18,16.822429906542055,FALSE,FALSE,FALSE,FALSE,FALSE,FALSE
Nigeria,NGA,1982,248,18,7.258064516129032,FALSE,FALSE,FALSE,FALSE,FALSE,FALSE
Nigeria,NGA,1983,178,2,1.1235955056179776,FALSE,FALSE,FALSE,FALSE,FALSE,FALSE
Nigeria,NGA,1984,1667,185,11.097780443911217,FALSE,FALSE,FALSE,FALSE,FALSE,FALSE
Nigeria,NGA,1985,30,0,0,FALSE,FALSE,FALSE,TRUE,FALSE,FALSE
Nigeria,NGA,1986,91,23,25.274725274725274,FALSE,FALSE,FALSE,TRUE,FALSE,FALSE
Nigeria,NGA,1987,1290,111,8.604651162790697,FALSE,FALSE,FALSE,FALSE,FALSE,FALSE
Nigeria,NGA,1988,137,10,7.299270072992701,FALSE,FALSE,FALSE,FALSE,FALSE,FALSE
Nigeria,NGA,1989,1078,61,5.658627087198516,FALSE,FALSE,FALSE,FALSE,FALSE,FALSE
Nigeria,NGA,1991,59478,7654,12.868623692793975,FALSE,FALSE,FALSE,FALSE,FALSE,FALSE
Nigeria,NGA,1992,8687,686,7.89685737308622,FALSE,FALSE,FALSE,FALSE,FALSE,FALSE
Nigeria,NGA,1993,4160,266,6.394230769230769,FALSE,FALSE,FALSE,FALSE,FALSE,FALSE
Nigeria,NGA,1994,2859,313,10.947883875480937,FALSE,FALSE,FALSE,FALSE,FALSE,FALSE
Nigeria,NGA,1995,1059,87,8.215297450424929,FALSE,FALSE,FALSE,FALSE,FALSE,FALSE
Nigeria,NGA,1996,12374,1193,9.641183125909164,FALSE,FALSE,FALSE,FALSE,FALSE,FALSE
Nigeria,NGA,1997,1322,134,10.136157337367624,FALSE,FALSE,FALSE,FALSE,FALSE,FALSE
Nigeria,NGA,1998,3464,187,5.3983833718244805,FALSE,FALSE,FALSE,FALSE,FALSE,FALSE
Nigeria,NGA,1999,26358,2085,7.910311859776918,FALSE,FALSE,FALSE,FALSE,FALSE,FALSE
Nigeria,NGA,2000,2799,43,1.5362629510539478,FALSE,FALSE,FALSE,FALSE,FALSE,FALSE
Nigeria,NGA,2001,2312,119,5.147058823529412,FALSE,FALSE,FALSE,FALSE,FALSE,FALSE
Nigeria,NGA,2002,5429,154,2.836618161724074,FALSE,FALSE,FALSE,FALSE,FALSE,FALSE
Nigeria,NGA,2003,1933,87,4.500775995861355,FALSE,FALSE,FALSE,FALSE,FALSE,FALSE
Nigeria,NGA,2004,3186,185,5.806654111738857,FALSE,FALSE,FALSE,FALSE,FALSE,FALSE
Nigeria,NGA,2005,4477,174,3.886531159258432,FALSE,FALSE,FALSE,FALSE,FALSE,FALSE
Nigeria,NGA,2006,2028,127,6.26232741617357,FALSE,FALSE,FALSE,FALSE,FALSE,FALSE
Nigeria,NGA,2007,1661,48,2.8898254063816977,FALSE,FALSE,FALSE,FALSE,FALSE,FALSE
Nigeria,NGA,2008,5410,247,4.565619223659889,FALSE,FALSE,FALSE,FALSE,FALSE,FALSE
Nigeria,NGA,2009,13691,431,3.1480534657804395,FALSE,FALSE,FALSE,FALSE,FALSE,FALSE
Nigeria,NGA,2010,44456,1712,3.850998740327515,FALSE,FALSE,FALSE,FALSE,FALSE,FALSE
Nigeria,NGA,2011,23377,742,3.174059973478205,FALSE,FALSE,FALSE,FALSE,FALSE,FALSE
Nigeria,NGA,2012,597,18,3.0150753768844223,FALSE,FALSE,FALSE,FALSE,FALSE,FALSE
Nigeria,NGA,2013,6600,229,3.4696969696969697,FALSE,FALSE,FALSE,FALSE,FALSE,FALSE
Nigeria,NGA,2014,35996,755,2.09745527280809,FALSE,FALSE,FALSE,FALSE,FALSE,FALSE
Nigeria,NGA,2015,5290,186,3.5160680529300565,FALSE,FALSE,FALSE,FALSE,FALSE,FALSE
Nigeria,NGA,2016,768,32,4.166666666666667,FALSE,FALSE,FALSE,FALSE,FALSE,FALSE
Nigeria,NGA,2017,12174,288,2.3656973878758008,FALSE,FALSE,FALSE,FALSE,FALSE,FALSE
Nigeria,NGA,2018,45037,836,1.856251526522637,FALSE,FALSE,FALSE,FALSE,FALSE,FALSE
Nigeria,NGA,2019,2486,43,1.7296862429605793,FALSE,FALSE,FALSE,FALSE,FALSE,FALSE
Nigeria,NGA,2020,596,47,7.885906040268456,FALSE,FALSE,FALSE,FALSE,FALSE,FALSE
Nigeria,NGA,2021,111062,3604,3.245034305162882,FALSE,FALSE,FALSE,FALSE,FALSE,FALSE
Nigeria,NGA,1970,15,4,26.666666666666668,FALSE,FALSE,FALSE,TRUE,FALSE,FALSE
Nigeria,NGA,1971,22931,2945,12.842876455453316,FALSE,FALSE,FALSE,FALSE,FALSE,FALSE
Nigeria,NGA,1972,1363,96,7.043286867204696,FALSE,FALSE,FALSE,FALSE,FALSE,FALSE
Nigeria,NGA,1973,157,27,17.197452229299362,FALSE,FALSE,FALSE,FALSE,FALSE,FALSE
Nigeria,NGA,1975,38,1,2.6315789473684212,FALSE,FALSE,FALSE,TRUE,FALSE,FALSE
Nigeria,NGA,1976,112,25,22.321428571428573,FALSE,FALSE,FALSE,FALSE,FALSE,FALSE
Nigeria,NGA,1977,376,10,2.6595744680851063,FALSE,FALSE,FALSE,FALSE,FALSE,FALSE
Nigeria,NGA,1978,197,20,10.152284263959391,FALSE,FALSE,FALSE,FALSE,FALSE,FALSE
Nigeria,NGA,1979,293,4,1.3651877133105803,FALSE,FALSE,FALSE,FALSE,FALSE,FALSE
North Korea,PRK,1980,170,0,0,FALSE,FALSE,FALSE,FALSE,FALSE,FALSE
Norway,NOR,1987,1,0,0,FALSE,FALSE,FALSE,TRUE,TRUE,FALSE
Norway,NOR,1989,1,0,0,FALSE,FALSE,FALSE,TRUE,TRUE,FALSE
Norway,NOR,1995,1,0,0,FALSE,FALSE,FALSE,TRUE,TRUE,FALSE
Norway,NOR,1998,2,0,0,FALSE,FALSE,FALSE,TRUE,TRUE,FALSE
Norway,NOR,2005,1,0,0,FALSE,FALSE,FALSE,TRUE,TRUE,FALSE
Norway,NOR,2006,1,0,0,FALSE,FALSE,FALSE,TRUE,TRUE,FALSE
Norway,NOR,2007,1,0,0,FALSE,FALSE,FALSE,TRUE,TRUE,FALSE
Norway,NOR,2015,1,0,0,FALSE,FALSE,FALSE,TRUE,TRUE,FALSE
Oman,OMN,2015,1,0,0,FALSE,FALSE,FALSE,TRUE,TRUE,FALSE
Oman,OMN,2018,1,0,0,FALSE,FALSE,FALSE,TRUE,TRUE,FALSE
Oman,OMN,2019,4,0,0,FALSE,FALSE,FALSE,TRUE,TRUE,FALSE
Oman,OMN,1971,9,8,88.88888888888889,FALSE,FALSE,FALSE,TRUE,TRUE,FALSE
Pakistan,PAK,1981,4,0,0,FALSE,FALSE,FALSE,TRUE,TRUE,FALSE
Pakistan,PAK,1993,12092,206,1.7036056897122065,FALSE,FALSE,FALSE,FALSE,FALSE,FALSE
Pakistan,PAK,2010,164,0,0,FALSE,FALSE,FALSE,FALSE,FALSE,FALSE
Pakistan,PAK,2011,527,219,41.55597722960152,FALSE,FALSE,FALSE,FALSE,FALSE,FALSE
Pakistan,PAK,2012,144,8,5.555555555555555,FALSE,FALSE,FALSE,FALSE,FALSE,FALSE
Pakistan,PAK,2013,1069,23,2.1515434985968196,FALSE,FALSE,FALSE,FALSE,FALSE,FALSE
Pakistan,PAK,2014,1218,6,0.49261083743842365,FALSE,FALSE,FALSE,FALSE,FALSE,FALSE
Pakistan,PAK,1958,366,86,23.497267759562842,FALSE,FALSE,FALSE,FALSE,FALSE,FALSE
Pakistan,PAK,1960,6704,1107,16.51252983293556,FALSE,FALSE,FALSE,FALSE,FALSE,FALSE
Pakistan,PAK,1965,21,1,4.761904761904762,FALSE,FALSE,FALSE,TRUE,FALSE,FALSE
Pakistan,PAK,1968,3932,55,1.3987792472024414,FALSE,FALSE,FALSE,FALSE,FALSE,FALSE
Pakistan,PAK,1969,717,17,2.370990237099024,FALSE,FALSE,FALSE,FALSE,FALSE,FALSE
Pakistan,PAK,1970,2,0,0,FALSE,FALSE,FALSE,TRUE,TRUE,FALSE
Pakistan,PAK,1971,1185,43,3.628691983122363,FALSE,FALSE,FALSE,FALSE,FALSE,FALSE
Pakistan,PAK,1977,12,1,8.333333333333334,FALSE,FALSE,FALSE,TRUE,FALSE,FALSE
Panama,PAN,1991,1178,29,2.461799660441426,FALSE,FALSE,FALSE,FALSE,FALSE,FALSE
Panama,PAN,1992,2416,49,2.0281456953642385,FALSE,FALSE,FALSE,FALSE,FALSE,FALSE
Panama,PAN,1993,42,4,9.523809523809524,FALSE,FALSE,FALSE,TRUE,FALSE,FALSE
Papua New Guinea,PNG,2009,1957,45,2.29943791517629,FALSE,FALSE,FALSE,FALSE,FALSE,FALSE
Papua New Guinea,PNG,2010,8997,95,1.0559075247304657,FALSE,FALSE,FALSE,FALSE,FALSE,FALSE
Papua New Guinea,PNG,2011,1535,2,0.13029315960912052,FALSE,FALSE,FALSE,FALSE,FALSE,FALSE
Papua New Guinea,PNG,2005,0,0,NA,FALSE,FALSE,TRUE,FALSE,FALSE,NA
Papua New Guinea,PNG,1962,1293,464,35.885537509667444,FALSE,FALSE,FALSE,FALSE,FALSE,FALSE
Paraguay,PRY,1993,3,0,0,FALSE,FALSE,FALSE,TRUE,TRUE,FALSE
Paraguay,PRY,1996,4,0,0,FALSE,FALSE,FALSE,TRUE,TRUE,FALSE
Paraguay,PRY,2009,5,0,0,FALSE,FALSE,FALSE,TRUE,TRUE,FALSE
Peru,PER,1991,322562,2909,0.9018421264749102,FALSE,FALSE,FALSE,FALSE,FALSE,FALSE
Peru,PER,1992,242237,801,0.3306678996189682,FALSE,FALSE,FALSE,FALSE,FALSE,FALSE
Peru,PER,1993,72404,575,0.7941550190597204,FALSE,FALSE,FALSE,FALSE,FALSE,FALSE
Peru,PER,1994,23887,199,0.833089127977561,FALSE,FALSE,FALSE,FALSE,FALSE,FALSE
Peru,PER,1995,22397,171,0.7634951109523597,FALSE,FALSE,FALSE,FALSE,FALSE,FALSE
Peru,PER,1996,4518,21,0.4648074369189907,FALSE,FALSE,FALSE,FALSE,FALSE,FALSE
Peru,PER,1997,3483,29,0.8326155612977318,FALSE,FALSE,FALSE,FALSE,FALSE,FALSE
Peru,PER,1998,41717,568,1.3615552412685477,FALSE,FALSE,FALSE,FALSE,FALSE,FALSE
Peru,PER,1999,1546,6,0.38809831824062097,FALSE,FALSE,FALSE,FALSE,FALSE,FALSE
Peru,PER,2000,934,6,0.6423982869379015,FALSE,FALSE,FALSE,FALSE,FALSE,FALSE
Peru,PER,2001,494,0,0,FALSE,FALSE,FALSE,FALSE,FALSE,FALSE
Peru,PER,2002,16,0,0,FALSE,FALSE,FALSE,TRUE,FALSE,FALSE
Philippines,PHL,1980,836,61,7.29665071770335,FALSE,FALSE,FALSE,FALSE,FALSE,FALSE
Philippines,PHL,1981,864,51,5.902777777777778,FALSE,FALSE,FALSE,FALSE,FALSE,FALSE
Philippines,PHL,1982,930,31,3.3333333333333335,FALSE,FALSE,FALSE,FALSE,FALSE,FALSE
Philippines,PHL,1985,10,1,10,FALSE,FALSE,FALSE,TRUE,FALSE,FALSE
Philippines,PHL,1992,345,0,0,FALSE,FALSE,FALSE,FALSE,FALSE,FALSE
Philippines,PHL,1993,708,10,1.4124293785310735,FALSE,FALSE,FALSE,FALSE,FALSE,FALSE
Philippines,PHL,1994,3340,27,0.8083832335329342,FALSE,FALSE,FALSE,FALSE,FALSE,FALSE
Philippines,PHL,1995,847,4,0.4722550177095632,FALSE,FALSE,FALSE,FALSE,FALSE,FALSE
Philippines,PHL,1996,1402,14,0.9985734664764622,FALSE,FALSE,FALSE,FALSE,FALSE,FALSE
Philippines,PHL,1997,605,0,0,FALSE,FALSE,FALSE,FALSE,FALSE,FALSE
Philippines,PHL,1998,729,17,2.3319615912208507,FALSE,FALSE,FALSE,FALSE,FALSE,FALSE
Philippines,PHL,1999,330,0,0,FALSE,FALSE,FALSE,FALSE,FALSE,FALSE
Philippines,PHL,2000,275,6,2.1818181818181817,FALSE,FALSE,FALSE,FALSE,FALSE,FALSE
Philippines,PHL,2004,533,3,0.5628517823639775,FALSE,FALSE,FALSE,FALSE,FALSE,FALSE
Philippines,PHL,2005,139,2,1.4388489208633093,FALSE,FALSE,FALSE,FALSE,FALSE,FALSE
Philippines,PHL,2006,66,1,1.5151515151515151,FALSE,FALSE,FALSE,TRUE,FALSE,FALSE
Philippines,PHL,2007,0,0,NA,FALSE,FALSE,TRUE,FALSE,FALSE,NA
Philippines,PHL,2010,33,2,6.0606060606060606,FALSE,FALSE,FALSE,TRUE,FALSE,FALSE
Philippines,PHL,2011,120,3,2.5,FALSE,FALSE,FALSE,FALSE,FALSE,FALSE
Philippines,PHL,2012,1864,14,0.7510729613733905,FALSE,FALSE,FALSE,FALSE,FALSE,FALSE
Philippines,PHL,2013,6,0,0,FALSE,FALSE,FALSE,TRUE,TRUE,FALSE
Philippines,PHL,2014,4547,8,0.17594018033868486,FALSE,FALSE,FALSE,FALSE,FALSE,FALSE
Philippines,PHL,2016,124,0,0,FALSE,FALSE,FALSE,FALSE,FALSE,FALSE
Philippines,PHL,2017,134,2,1.492537313432836,FALSE,FALSE,FALSE,FALSE,FALSE,FALSE
Philippines,PHL,2018,2102,6,0.285442435775452,FALSE,FALSE,FALSE,FALSE,FALSE,FALSE
Philippines,PHL,2019,5491,8,0.145692952103442,FALSE,FALSE,FALSE,FALSE,FALSE,FALSE
Philippines,PHL,2020,3,0,0,FALSE,FALSE,FALSE,TRUE,TRUE,FALSE
Philippines,PHL,2021,2019,13,0.6438831104507182,FALSE,FALSE,FALSE,FALSE,FALSE,FALSE
Philippines,PHL,1961,9923,1405,14.159024488561927,FALSE,FALSE,FALSE,FALSE,FALSE,FALSE
Philippines,PHL,1962,13015,1682,12.92354975028813,FALSE,FALSE,FALSE,FALSE,FALSE,FALSE
Philippines,PHL,1963,3979,433,10.882131188740889,FALSE,FALSE,FALSE,FALSE,FALSE,FALSE
Philippines,PHL,1964,16464,1518,9.220116618075801,FALSE,FALSE,FALSE,FALSE,FALSE,FALSE
Philippines,PHL,1965,4581,448,9.77952412137088,FALSE,FALSE,FALSE,FALSE,FALSE,FALSE
Philippines,PHL,1966,5261,273,5.18912754229234,FALSE,FALSE,FALSE,FALSE,FALSE,FALSE
Philippines,PHL,1967,1629,52,3.1921424186617555,FALSE,FALSE,FALSE,FALSE,FALSE,FALSE
Philippines,PHL,1968,2787,89,3.193397918909221,FALSE,FALSE,FALSE,FALSE,FALSE,FALSE
Philippines,PHL,1969,1541,106,6.878650227125243,FALSE,FALSE,FALSE,FALSE,FALSE,FALSE
Philippines,PHL,1970,1095,38,3.470319634703196,FALSE,FALSE,FALSE,FALSE,FALSE,FALSE
Philippines,PHL,1971,3585,109,3.0404463040446306,FALSE,FALSE,FALSE,FALSE,FALSE,FALSE
Philippines,PHL,1972,5601,78,1.3926084627745046,FALSE,FALSE,FALSE,FALSE,FALSE,FALSE
Philippines,PHL,1973,2840,447,15.73943661971831,FALSE,FALSE,FALSE,FALSE,FALSE,FALSE
Philippines,PHL,1974,1730,33,1.907514450867052,FALSE,FALSE,FALSE,FALSE,FALSE,FALSE
Philippines,PHL,1975,680,15,2.2058823529411766,FALSE,FALSE,FALSE,FALSE,FALSE,FALSE
Philippines,PHL,1976,1258,160,12.718600953895072,FALSE,FALSE,FALSE,FALSE,FALSE,FALSE
Philippines,PHL,1977,1363,180,13.206162876008804,FALSE,FALSE,FALSE,FALSE,FALSE,FALSE
Philippines,PHL,1978,1408,122,8.664772727272727,FALSE,FALSE,FALSE,FALSE,FALSE,FALSE
Philippines,PHL,1979,1268,408,32.17665615141956,FALSE,FALSE,FALSE,FALSE,FALSE,FALSE
Poland,POL,1994,1,0,0,FALSE,FALSE,FALSE,TRUE,TRUE,FALSE
Poland,POL,2005,1,0,0,FALSE,FALSE,FALSE,TRUE,TRUE,FALSE
Portugal,PRT,1994,1,0,0,FALSE,FALSE,FALSE,TRUE,TRUE,FALSE
Portugal,PRT,1995,1,0,0,FALSE,FALSE,FALSE,TRUE,TRUE,FALSE
Portugal,PRT,1971,64,4,6.25,FALSE,FALSE,FALSE,TRUE,FALSE,FALSE
Portugal,PRT,1974,2467,48,1.9456830158086744,FALSE,FALSE,FALSE,FALSE,FALSE,FALSE
Portugal,PRT,1975,1066,8,0.7504690431519699,FALSE,FALSE,FALSE,FALSE,FALSE,FALSE
Qatar,QAT,2004,1,0,0,FALSE,FALSE,FALSE,TRUE,TRUE,FALSE
Qatar,QAT,2005,2,0,0,FALSE,FALSE,FALSE,TRUE,TRUE,FALSE
Qatar,QAT,2017,5,0,0,FALSE,FALSE,FALSE,TRUE,TRUE,FALSE
Romania,ROU,1990,270,1,0.37037037037037035,FALSE,FALSE,FALSE,FALSE,FALSE,FALSE
Romania,ROU,1991,226,9,3.982300884955752,FALSE,FALSE,FALSE,FALSE,FALSE,FALSE
Romania,ROU,1992,3,0,0,FALSE,FALSE,FALSE,TRUE,TRUE,FALSE
Romania,ROU,1993,15,0,0,FALSE,FALSE,FALSE,TRUE,FALSE,FALSE
Romania,ROU,1994,80,4,5,FALSE,FALSE,FALSE,TRUE,FALSE,FALSE
Romania,ROU,1995,118,3,2.542372881355932,FALSE,FALSE,FALSE,FALSE,FALSE,FALSE
Russia,RUS,1991,78,0,0,FALSE,FALSE,FALSE,TRUE,FALSE,FALSE
Russia,RUS,1993,23,2,8.695652173913043,FALSE,FALSE,FALSE,TRUE,FALSE,FALSE
Russia,RUS,1994,1048,15,1.4312977099236641,FALSE,FALSE,FALSE,FALSE,FALSE,FALSE
Russia,RUS,1995,9,0,0,FALSE,FALSE,FALSE,TRUE,TRUE,FALSE
Russia,RUS,1996,4,1,25,FALSE,FALSE,FALSE,TRUE,TRUE,FALSE
Russia,RUS,1997,11,0,0,FALSE,FALSE,FALSE,TRUE,FALSE,FALSE
Russia,RUS,1998,10,0,0,FALSE,FALSE,FALSE,TRUE,FALSE,FALSE
Russia,RUS,1999,8,0,0,FALSE,FALSE,FALSE,TRUE,TRUE,FALSE
Russia,RUS,2001,53,0,0,FALSE,FALSE,FALSE,TRUE,FALSE,FALSE
Russia,RUS,2004,1,0,0,FALSE,FALSE,FALSE,TRUE,TRUE,FALSE
Russia,RUS,2006,1,0,0,FALSE,FALSE,FALSE,TRUE,TRUE,FALSE
Russia,RUS,2010,3,0,0,FALSE,FALSE,FALSE,TRUE,TRUE,FALSE
Russia,RUS,2012,1,0,0,FALSE,FALSE,FALSE,TRUE,TRUE,FALSE
Russia,RUS,2014,1,0,0,FALSE,FALSE,FALSE,TRUE,TRUE,FALSE
Russia,RUS,1990,49,0,0,FALSE,FALSE,FALSE,TRUE,FALSE,FALSE
Russia,RUS,1970,720,0,0,FALSE,FALSE,FALSE,FALSE,FALSE,FALSE
Russia,RUS,1976,1,0,0,FALSE,FALSE,FALSE,TRUE,TRUE,FALSE
Russia,RUS,1977,1,0,0,FALSE,FALSE,FALSE,TRUE,TRUE,FALSE
Rwanda,RWA,1980,30,4,13.333333333333334,FALSE,FALSE,FALSE,TRUE,FALSE,FALSE
Rwanda,RWA,1981,24,1,4.166666666666667,FALSE,FALSE,FALSE,TRUE,FALSE,FALSE
Rwanda,RWA,1982,201,2,0.9950248756218906,FALSE,FALSE,FALSE,FALSE,FALSE,FALSE
Rwanda,RWA,1983,54,5,9.25925925925926,FALSE,FALSE,FALSE,TRUE,FALSE,FALSE
Rwanda,RWA,1984,161,13,8.074534161490684,FALSE,FALSE,FALSE,FALSE,FALSE,FALSE
Rwanda,RWA,1985,21,0,0,FALSE,FALSE,FALSE,TRUE,FALSE,FALSE
Rwanda,RWA,1986,226,7,3.0973451327433628,FALSE,FALSE,FALSE,FALSE,FALSE,FALSE
Rwanda,RWA,1987,101,6,5.9405940594059405,FALSE,FALSE,FALSE,FALSE,FALSE,FALSE
Rwanda,RWA,1988,70,3,4.285714285714286,FALSE,FALSE,FALSE,TRUE,FALSE,FALSE
Rwanda,RWA,1989,1,0,0,FALSE,FALSE,FALSE,TRUE,TRUE,FALSE
Rwanda,RWA,1991,679,35,5.154639175257732,FALSE,FALSE,FALSE,FALSE,FALSE,FALSE
Rwanda,RWA,1992,503,35,6.958250497017892,FALSE,FALSE,FALSE,FALSE,FALSE,FALSE
Rwanda,RWA,1993,568,34,5.985915492957746,FALSE,FALSE,FALSE,FALSE,FALSE,FALSE
Rwanda,RWA,1994,10,0,0,FALSE,FALSE,FALSE,TRUE,FALSE,FALSE
Rwanda,RWA,1995,3,0,0,FALSE,FALSE,FALSE,TRUE,TRUE,FALSE
Rwanda,RWA,1996,106,10,9.433962264150944,FALSE,FALSE,FALSE,FALSE,FALSE,FALSE
Rwanda,RWA,1997,274,16,5.839416058394161,FALSE,FALSE,FALSE,FALSE,FALSE,FALSE
Rwanda,RWA,1998,3220,74,2.298136645962733,FALSE,FALSE,FALSE,FALSE,FALSE,FALSE
Rwanda,RWA,1999,327,49,14.984709480122325,FALSE,FALSE,FALSE,FALSE,FALSE,FALSE
Rwanda,RWA,2000,1235,8,0.6477732793522267,FALSE,FALSE,FALSE,FALSE,FALSE,FALSE
Rwanda,RWA,2001,157,2,1.2738853503184713,FALSE,FALSE,FALSE,FALSE,FALSE,FALSE
Rwanda,RWA,2003,12,0,0,FALSE,FALSE,FALSE,TRUE,FALSE,FALSE
Rwanda,RWA,2004,586,0,0,FALSE,FALSE,FALSE,FALSE,FALSE,FALSE
Rwanda,RWA,2005,89,0,0,FALSE,FALSE,FALSE,TRUE,FALSE,FALSE
Rwanda,RWA,2006,405,21,5.185185185185185,FALSE,FALSE,FALSE,FALSE,FALSE,FALSE
Rwanda,RWA,2007,1453,21,1.445285615966965,FALSE,FALSE,FALSE,FALSE,FALSE,FALSE
Rwanda,RWA,2008,23,0,0,FALSE,FALSE,FALSE,TRUE,FALSE,FALSE
Rwanda,RWA,2009,67,0,0,FALSE,FALSE,FALSE,TRUE,FALSE,FALSE
Rwanda,RWA,2012,9,0,0,FALSE,FALSE,FALSE,TRUE,TRUE,FALSE
Rwanda,RWA,2016,355,0,0,FALSE,FALSE,FALSE,FALSE,FALSE,FALSE
Rwanda,RWA,2021,74,0,0,FALSE,FALSE,FALSE,TRUE,FALSE,FALSE
Rwanda,RWA,1978,838,48,5.727923627684964,FALSE,FALSE,FALSE,FALSE,FALSE,FALSE
Rwanda,RWA,1979,5,0,0,FALSE,FALSE,FALSE,TRUE,TRUE,FALSE
Samoa,WSM,1980,1,0,0,FALSE,FALSE,FALSE,TRUE,TRUE,FALSE
Sao Tome and Principe,STP,1989,3953,64,1.6190235264356185,FALSE,FALSE,FALSE,FALSE,FALSE,FALSE
Sao Tome and Principe,STP,1990,804,9,1.1194029850746268,FALSE,FALSE,FALSE,FALSE,FALSE,FALSE
Sao Tome and Principe,STP,1991,3,1,33.333333333333336,FALSE,FALSE,FALSE,TRUE,TRUE,FALSE
Sao Tome and Principe,STP,2005,1966,33,1.6785350966429298,FALSE,FALSE,FALSE,FALSE,FALSE,FALSE
Sao Tome and Principe,STP,2006,926,9,0.9719222462203023,FALSE,FALSE,FALSE,FALSE,FALSE,FALSE
Sao Tome and Principe,STP,2007,90,0,0,FALSE,FALSE,FALSE,TRUE,FALSE,FALSE
Sao Tome and Principe,STP,2008,119,4,3.361344537815126,FALSE,FALSE,FALSE,FALSE,FALSE,FALSE
Saudi Arabia,SAU,1980,2,0,0,FALSE,FALSE,FALSE,TRUE,TRUE,FALSE
Saudi Arabia,SAU,1981,13,0,0,FALSE,FALSE,FALSE,TRUE,FALSE,FALSE
Saudi Arabia,SAU,1986,74,3,4.054054054054054,FALSE,FALSE,FALSE,TRUE,FALSE,FALSE
Saudi Arabia,SAU,2017,5,0,0,FALSE,FALSE,FALSE,TRUE,TRUE,FALSE
Saudi Arabia,SAU,1970,266,14,5.2631578947368425,FALSE,FALSE,FALSE,FALSE,FALSE,FALSE
Saudi Arabia,SAU,1972,303,0,0,FALSE,FALSE,FALSE,FALSE,FALSE,FALSE
Saudi Arabia,SAU,1975,91,48,52.747252747252745,FALSE,FALSE,FALSE,TRUE,FALSE,FALSE
Saudi Arabia,SAU,1976,50,0,0,FALSE,FALSE,FALSE,TRUE,FALSE,FALSE
Saudi Arabia,SAU,1977,18,0,0,FALSE,FALSE,FALSE,TRUE,FALSE,FALSE
Saudi Arabia,SAU,1978,30,1,3.3333333333333335,FALSE,FALSE,FALSE,TRUE,FALSE,FALSE
Saudi Arabia,SAU,1979,23,0,0,FALSE,FALSE,FALSE,TRUE,FALSE,FALSE
Senegal,SEN,1981,428,0,0,FALSE,FALSE,FALSE,FALSE,FALSE,FALSE
Senegal,SEN,1984,728,94,12.912087912087912,FALSE,FALSE,FALSE,FALSE,FALSE,FALSE
Senegal,SEN,1985,2988,474,15.863453815261044,FALSE,FALSE,FALSE,FALSE,FALSE,FALSE
Senegal,SEN,1986,476,63,13.235294117647058,FALSE,FALSE,FALSE,FALSE,FALSE,FALSE
Senegal,SEN,1987,3150,288,9.142857142857142,FALSE,FALSE,FALSE,FALSE,FALSE,FALSE
Senegal,SEN,1988,390,1,0.2564102564102564,FALSE,FALSE,FALSE,FALSE,FALSE,FALSE
Senegal,SEN,1995,3332,160,4.801920768307323,FALSE,FALSE,FALSE,FALSE,FALSE,FALSE
Senegal,SEN,1996,16107,765,4.749487800335258,FALSE,FALSE,FALSE,FALSE,FALSE,FALSE
Senegal,SEN,1997,371,11,2.964959568733154,FALSE,FALSE,FALSE,FALSE,FALSE,FALSE
Senegal,SEN,2004,1227,10,0.8149959250203749,FALSE,FALSE,FALSE,FALSE,FALSE,FALSE
Senegal,SEN,2005,31719,458,1.4439295059743371,FALSE,FALSE,FALSE,FALSE,FALSE,FALSE
Senegal,SEN,2006,365,10,2.73972602739726,FALSE,FALSE,FALSE,FALSE,FALSE,FALSE
Senegal,SEN,2007,3984,24,0.6024096385542169,FALSE,FALSE,FALSE,FALSE,FALSE,FALSE
Senegal,SEN,2008,1283,20,1.558846453624318,FALSE,FALSE,FALSE,FALSE,FALSE,FALSE
Senegal,SEN,2009,4,0,0,FALSE,FALSE,FALSE,TRUE,TRUE,FALSE
Senegal,SEN,2010,3,0,0,FALSE,FALSE,FALSE,TRUE,TRUE,FALSE
Senegal,SEN,2012,1,0,0,FALSE,FALSE,FALSE,TRUE,TRUE,FALSE
Senegal,SEN,1971,265,60,22.641509433962263,FALSE,FALSE,FALSE,FALSE,FALSE,FALSE
Senegal,SEN,1972,379,37,9.762532981530343,FALSE,FALSE,FALSE,FALSE,FALSE,FALSE
Senegal,SEN,1978,315,8,2.5396825396825395,FALSE,FALSE,FALSE,FALSE,FALSE,FALSE
Senegal,SEN,1979,103,3,2.912621359223301,FALSE,FALSE,FALSE,FALSE,FALSE,FALSE
Seychelles,SYC,2005,0,0,NA,FALSE,FALSE,TRUE,FALSE,FALSE,NA
Seychelles,SYC,2006,0,0,NA,FALSE,FALSE,TRUE,FALSE,FALSE,NA
Seychelles,SYC,2007,178,1,0.5617977528089888,FALSE,FALSE,FALSE,FALSE,FALSE,FALSE
Seychelles,SYC,2008,0,0,NA,FALSE,FALSE,TRUE,FALSE,FALSE,NA
Sierra Leone,SLE,1986,8957,669,7.46901864463548,FALSE,FALSE,FALSE,FALSE,FALSE,FALSE
Sierra Leone,SLE,1987,557,30,5.3859964093357275,FALSE,FALSE,FALSE,FALSE,FALSE,FALSE
Sierra Leone,SLE,1994,9709,623,6.416726748377794,FALSE,FALSE,FALSE,FALSE,FALSE,FALSE
Sierra Leone,SLE,1995,10285,447,4.346135148274186,FALSE,FALSE,FALSE,FALSE,FALSE,FALSE
Sierra Leone,SLE,1998,2096,57,2.719465648854962,FALSE,FALSE,FALSE,FALSE,FALSE,FALSE
Sierra Leone,SLE,1999,863,5,0.5793742757821553,FALSE,FALSE,FALSE,FALSE,FALSE,FALSE
Sierra Leone,SLE,2004,513,42,8.187134502923977,FALSE,FALSE,FALSE,FALSE,FALSE,FALSE
Sierra Leone,SLE,2005,6,0,0,FALSE,FALSE,FALSE,TRUE,TRUE,FALSE
Sierra Leone,SLE,2006,2560,99,3.8671875,FALSE,FALSE,FALSE,FALSE,FALSE,FALSE
Sierra Leone,SLE,2007,2219,84,3.7854889589905363,FALSE,FALSE,FALSE,FALSE,FALSE,FALSE
Sierra Leone,SLE,2008,62,1,1.6129032258064515,FALSE,FALSE,FALSE,TRUE,FALSE,FALSE
Sierra Leone,SLE,2012,23124,299,1.293028887735686,FALSE,FALSE,FALSE,FALSE,FALSE,FALSE
Sierra Leone,SLE,2013,377,32,8.488063660477454,FALSE,FALSE,FALSE,FALSE,FALSE,FALSE
Sierra Leone,SLE,1970,293,74,25.255972696245735,FALSE,FALSE,FALSE,FALSE,FALSE,FALSE
Sierra Leone,SLE,1971,211,13,6.161137440758294,FALSE,FALSE,FALSE,FALSE,FALSE,FALSE
Sierra Leone,SLE,1977,12,0,0,FALSE,FALSE,FALSE,TRUE,FALSE,FALSE
Singapore,SGP,1980,18,0,0,FALSE,FALSE,FALSE,TRUE,FALSE,FALSE
Singapore,SGP,1981,34,0,0,FALSE,FALSE,FALSE,TRUE,FALSE,FALSE
Singapore,SGP,1982,31,0,0,FALSE,FALSE,FALSE,TRUE,FALSE,FALSE
Singapore,SGP,1983,14,0,0,FALSE,FALSE,FALSE,TRUE,FALSE,FALSE
Singapore,SGP,1984,40,8,20,FALSE,FALSE,FALSE,TRUE,FALSE,FALSE
Singapore,SGP,1985,27,1,3.7037037037037037,FALSE,FALSE,FALSE,TRUE,FALSE,FALSE
Singapore,SGP,1987,63,0,0,FALSE,FALSE,FALSE,TRUE,FALSE,FALSE
Singapore,SGP,1988,19,0,0,FALSE,FALSE,FALSE,TRUE,FALSE,FALSE
Singapore,SGP,1989,39,0,0,FALSE,FALSE,FALSE,TRUE,FALSE,FALSE
Singapore,SGP,1990,26,0,0,FALSE,FALSE,FALSE,TRUE,FALSE,FALSE
Singapore,SGP,1991,34,2,5.882352941176471,FALSE,FALSE,FALSE,TRUE,FALSE,FALSE
Singapore,SGP,1992,17,0,0,FALSE,FALSE,FALSE,TRUE,FALSE,FALSE
Singapore,SGP,1993,24,0,0,FALSE,FALSE,FALSE,TRUE,FALSE,FALSE
Singapore,SGP,1994,41,1,2.4390243902439024,FALSE,FALSE,FALSE,TRUE,FALSE,FALSE
Singapore,SGP,1995,14,0,0,FALSE,FALSE,FALSE,TRUE,FALSE,FALSE
Singapore,SGP,1996,19,1,5.2631578947368425,FALSE,FALSE,FALSE,TRUE,FALSE,FALSE
Singapore,SGP,1997,19,0,0,FALSE,FALSE,FALSE,TRUE,FALSE,FALSE
Singapore,SGP,1998,31,2,6.451612903225806,FALSE,FALSE,FALSE,TRUE,FALSE,FALSE
Singapore,SGP,1999,11,0,0,FALSE,FALSE,FALSE,TRUE,FALSE,FALSE
Singapore,SGP,2000,10,0,0,FALSE,FALSE,FALSE,TRUE,FALSE,FALSE
Singapore,SGP,2001,8,0,0,FALSE,FALSE,FALSE,TRUE,TRUE,FALSE
Singapore,SGP,2003,1,0,0,FALSE,FALSE,FALSE,TRUE,TRUE,FALSE
Singapore,SGP,2004,11,1,9.090909090909092,FALSE,FALSE,FALSE,TRUE,FALSE,FALSE
Singapore,SGP,2012,2,0,0,FALSE,FALSE,FALSE,TRUE,TRUE,FALSE
Singapore,SGP,2013,2,0,0,FALSE,FALSE,FALSE,TRUE,TRUE,FALSE
Singapore,SGP,2014,2,0,0,FALSE,FALSE,FALSE,TRUE,TRUE,FALSE
Singapore,SGP,2017,3,0,0,FALSE,FALSE,FALSE,TRUE,TRUE,FALSE
Singapore,SGP,2018,2,0,0,FALSE,FALSE,FALSE,TRUE,TRUE,FALSE
Singapore,SGP,2019,2,0,0,FALSE,FALSE,FALSE,TRUE,TRUE,FALSE
Singapore,SGP,1986,27,0,0,FALSE,FALSE,FALSE,TRUE,FALSE,FALSE
Singapore,SGP,1963,27,2,7.407407407407407,FALSE,FALSE,FALSE,TRUE,FALSE,FALSE
Singapore,SGP,1964,24,3,12.5,FALSE,FALSE,FALSE,TRUE,FALSE,FALSE
Singapore,SGP,1968,6,0,0,FALSE,FALSE,FALSE,TRUE,TRUE,FALSE
Singapore,SGP,1969,11,4,36.36363636363637,FALSE,FALSE,FALSE,TRUE,FALSE,FALSE
Singapore,SGP,1972,114,3,2.6315789473684212,FALSE,FALSE,FALSE,FALSE,FALSE,FALSE
Singapore,SGP,1973,1,0,0,FALSE,FALSE,FALSE,TRUE,TRUE,FALSE
Singapore,SGP,1974,8,0,0,FALSE,FALSE,FALSE,TRUE,TRUE,FALSE
Singapore,SGP,1975,10,0,0,FALSE,FALSE,FALSE,TRUE,FALSE,FALSE
Singapore,SGP,1977,11,0,0,FALSE,FALSE,FALSE,TRUE,FALSE,FALSE
Singapore,SGP,1978,83,0,0,FALSE,FALSE,FALSE,TRUE,FALSE,FALSE
Singapore,SGP,1979,10,0,0,FALSE,FALSE,FALSE,TRUE,FALSE,FALSE
Slovenia,SVN,2007,0,0,NA,FALSE,FALSE,TRUE,FALSE,FALSE,NA
Somalia,SOM,1985,10199,1589,15.579958819492107,FALSE,FALSE,FALSE,FALSE,FALSE,FALSE
Somalia,SOM,1986,15980,1945,12.171464330413016,FALSE,FALSE,FALSE,FALSE,FALSE,FALSE
Somalia,SOM,1997,6814,252,3.6982682712063397,FALSE,FALSE,FALSE,FALSE,FALSE,FALSE
Somalia,SOM,1998,4417,196,4.437400950871632,FALSE,FALSE,FALSE,FALSE,FALSE,FALSE
Somalia,SOM,1999,17757,693,3.9026862645717184,FALSE,FALSE,FALSE,FALSE,FALSE,FALSE
Somalia,SOM,2000,7496,563,7.510672358591249,FALSE,FALSE,FALSE,FALSE,FALSE,FALSE
Somalia,SOM,2001,2567,93,3.62290611608882,FALSE,FALSE,FALSE,FALSE,FALSE,FALSE
Somalia,SOM,2002,2775,159,5.72972972972973,FALSE,FALSE,FALSE,FALSE,FALSE,FALSE
Somalia,SOM,2003,11020,56,0.5081669691470054,FALSE,FALSE,FALSE,FALSE,FALSE,FALSE
Somalia,SOM,2004,4490,26,0.579064587973274,FALSE,FALSE,FALSE,FALSE,FALSE,FALSE
Somalia,SOM,2007,41643,1182,2.8384122181399034,FALSE,FALSE,FALSE,FALSE,FALSE,FALSE
Somalia,SOM,2008,1281,16,1.249024199843872,FALSE,FALSE,FALSE,FALSE,FALSE,FALSE
Somalia,SOM,2009,208,3,1.4423076923076923,FALSE,FALSE,FALSE,FALSE,FALSE,FALSE
Somalia,SOM,2010,3510,103,2.9344729344729346,FALSE,FALSE,FALSE,FALSE,FALSE,FALSE
Somalia,SOM,2011,77636,1130,1.455510330259158,FALSE,FALSE,FALSE,FALSE,FALSE,FALSE
Somalia,SOM,2012,22576,200,0.8858965272856131,FALSE,FALSE,FALSE,FALSE,FALSE,FALSE
Somalia,SOM,2013,6864,140,2.0396270396270397,FALSE,FALSE,FALSE,FALSE,FALSE,FALSE
Somalia,SOM,2015,7536,84,1.1146496815286624,FALSE,FALSE,FALSE,FALSE,FALSE,FALSE
Somalia,SOM,2016,15619,548,3.508547282156348,FALSE,FALSE,FALSE,FALSE,FALSE,FALSE
Somalia,SOM,2017,75414,1004,1.3313177924523298,FALSE,FALSE,FALSE,FALSE,FALSE,FALSE
Somalia,SOM,2018,6761,45,0.6655820144948972,FALSE,FALSE,FALSE,FALSE,FALSE,FALSE
Somalia,SOM,2019,3100,4,0.12903225806451613,FALSE,FALSE,FALSE,FALSE,FALSE,FALSE
Somalia,SOM,2020,6414,44,0.6859993763642033,FALSE,FALSE,FALSE,FALSE,FALSE,FALSE
Somalia,SOM,1994,28334,1206,4.2563704383426275,FALSE,FALSE,FALSE,FALSE,FALSE,FALSE
Somalia,SOM,1995,9255,191,2.0637493246893572,FALSE,FALSE,FALSE,FALSE,FALSE,FALSE
Somalia,SOM,1996,10274,464,4.516254623321005,FALSE,FALSE,FALSE,FALSE,FALSE,FALSE
Somalia,SOM,2021,4342,32,0.7369875633348687,FALSE,FALSE,FALSE,FALSE,FALSE,FALSE
Somalia,SOM,1970,43,10,23.25581395348837,FALSE,FALSE,FALSE,TRUE,FALSE,FALSE
Somalia,SOM,1971,89,10,11.235955056179776,FALSE,FALSE,FALSE,TRUE,FALSE,FALSE
South Africa,ZAF,1980,859,16,1.8626309662398137,FALSE,FALSE,FALSE,FALSE,FALSE,FALSE
South Africa,ZAF,1981,4180,52,1.244019138755981,FALSE,FALSE,FALSE,FALSE,FALSE,FALSE
South Africa,ZAF,1982,11968,224,1.8716577540106951,FALSE,FALSE,FALSE,FALSE,FALSE,FALSE
South Africa,ZAF,1983,4715,63,1.3361611876988335,FALSE,FALSE,FALSE,FALSE,FALSE,FALSE
South Africa,ZAF,1984,1182,20,1.6920473773265652,FALSE,FALSE,FALSE,FALSE,FALSE,FALSE
South Africa,ZAF,1985,2742,4,0.14587892049598833,FALSE,FALSE,FALSE,FALSE,FALSE,FALSE
South Africa,ZAF,1986,120,1,0.8333333333333334,FALSE,FALSE,FALSE,FALSE,FALSE,FALSE
South Africa,ZAF,1987,37,0,0,FALSE,FALSE,FALSE,TRUE,FALSE,FALSE
South Africa,ZAF,1991,10,0,0,FALSE,FALSE,FALSE,TRUE,FALSE,FALSE
South Africa,ZAF,1992,11,0,0,FALSE,FALSE,FALSE,TRUE,FALSE,FALSE
South Africa,ZAF,1993,78,2,2.5641025641025643,FALSE,FALSE,FALSE,TRUE,FALSE,FALSE
South Africa,ZAF,1994,4,0,0,FALSE,FALSE,FALSE,TRUE,TRUE,FALSE
South Africa,ZAF,1998,20,1,5,FALSE,FALSE,FALSE,TRUE,FALSE,FALSE
South Africa,ZAF,1999,68,2,2.9411764705882355,FALSE,FALSE,FALSE,TRUE,FALSE,FALSE
South Africa,ZAF,2000,19667,68,0.34575685157878683,FALSE,FALSE,FALSE,FALSE,FALSE,FALSE
South Africa,ZAF,2001,106159,232,0.21854011435676673,FALSE,FALSE,FALSE,FALSE,FALSE,FALSE
South Africa,ZAF,2002,10004,32,0.3198720511795282,FALSE,FALSE,FALSE,FALSE,FALSE,FALSE
South Africa,ZAF,2003,3901,45,1.1535503716995643,FALSE,FALSE,FALSE,FALSE,FALSE,FALSE
South Africa,ZAF,2004,2767,35,1.264907842428623,FALSE,FALSE,FALSE,FALSE,FALSE,FALSE
South Africa,ZAF,2005,3503,28,0.7993148729660291,FALSE,FALSE,FALSE,FALSE,FALSE,FALSE
South Africa,ZAF,2006,0,0,NA,FALSE,FALSE,TRUE,FALSE,FALSE,NA
South Africa,ZAF,2008,3907,22,0.5630918863578193,FALSE,FALSE,FALSE,FALSE,FALSE,FALSE
South Africa,ZAF,2009,10520,57,0.5418250950570342,FALSE,FALSE,FALSE,FALSE,FALSE,FALSE
South Africa,ZAF,2013,1,0,0,FALSE,FALSE,FALSE,TRUE,TRUE,FALSE
South Africa,ZAF,1973,1,0,0,FALSE,FALSE,FALSE,TRUE,TRUE,FALSE
South Africa,ZAF,1974,37,0,0,FALSE,FALSE,FALSE,TRUE,FALSE,FALSE
South Africa,ZAF,1979,2,0,0,FALSE,FALSE,FALSE,TRUE,TRUE,FALSE
South Korea,KOR,1980,145,4,2.7586206896551726,FALSE,FALSE,FALSE,FALSE,FALSE,FALSE
South Korea,KOR,1993,5,0,0,FALSE,FALSE,FALSE,TRUE,TRUE,FALSE
South Korea,KOR,1994,34,0,0,FALSE,FALSE,FALSE,TRUE,FALSE,FALSE
South Korea,KOR,1995,74,0,0,FALSE,FALSE,FALSE,TRUE,FALSE,FALSE
South Korea,KOR,1997,10,0,0,FALSE,FALSE,FALSE,TRUE,FALSE,FALSE
South Korea,KOR,2001,138,0,0,FALSE,FALSE,FALSE,FALSE,FALSE,FALSE
South Korea,KOR,2004,10,0,0,FALSE,FALSE,FALSE,TRUE,FALSE,FALSE
South Korea,KOR,2010,1,0,0,FALSE,FALSE,FALSE,TRUE,TRUE,FALSE
South Korea,KOR,2013,3,0,0,FALSE,FALSE,FALSE,TRUE,TRUE,FALSE
South Korea,KOR,2016,4,0,0,FALSE,FALSE,FALSE,TRUE,TRUE,FALSE
South Korea,KOR,2017,5,0,0,FALSE,FALSE,FALSE,TRUE,TRUE,FALSE
South Korea,KOR,2018,2,0,0,FALSE,FALSE,FALSE,TRUE,TRUE,FALSE
South Korea,KOR,2019,1,0,0,FALSE,FALSE,FALSE,TRUE,TRUE,FALSE
South Korea,KOR,1991,113,4,3.5398230088495577,FALSE,FALSE,FALSE,FALSE,FALSE,FALSE
South Korea,KOR,1992,6,0,0,FALSE,FALSE,FALSE,TRUE,TRUE,FALSE
South Korea,KOR,1963,415,38,9.156626506024097,FALSE,FALSE,FALSE,FALSE,FALSE,FALSE
South Korea,KOR,1964,11,1,9.090909090909092,FALSE,FALSE,FALSE,TRUE,FALSE,FALSE
South Korea,KOR,1969,1538,137,8.907672301690507,FALSE,FALSE,FALSE,FALSE,FALSE,FALSE
South Korea,KOR,1970,475,23,4.842105263157895,FALSE,FALSE,FALSE,FALSE,FALSE,FALSE
South Sudan,SSD,2014,6421,167,2.6008409904999223,FALSE,FALSE,FALSE,FALSE,FALSE,FALSE
South Sudan,SSD,2015,1818,47,2.585258525852585,FALSE,FALSE,FALSE,FALSE,FALSE,FALSE
South Sudan,SSD,2016,4295,82,1.909196740395809,FALSE,FALSE,FALSE,FALSE,FALSE,FALSE
South Sudan,SSD,2017,16088,353,2.19418199900547,FALSE,FALSE,FALSE,FALSE,FALSE,FALSE
Spain,ESP,1980,4,0,0,FALSE,FALSE,FALSE,TRUE,TRUE,FALSE
Spain,ESP,1982,2,0,0,FALSE,FALSE,FALSE,TRUE,TRUE,FALSE
Spain,ESP,1983,2,0,0,FALSE,FALSE,FALSE,TRUE,TRUE,FALSE
Spain,ESP,1987,2,0,0,FALSE,FALSE,FALSE,TRUE,TRUE,FALSE
Spain,ESP,1989,3,0,0,FALSE,FALSE,FALSE,TRUE,TRUE,FALSE
Spain,ESP,1990,11,0,0,FALSE,FALSE,FALSE,TRUE,FALSE,FALSE
Spain,ESP,1991,1,0,0,FALSE,FALSE,FALSE,TRUE,TRUE,FALSE
Spain,ESP,1993,3,0,0,FALSE,FALSE,FALSE,TRUE,TRUE,FALSE
Spain,ESP,1994,1,0,0,FALSE,FALSE,FALSE,TRUE,TRUE,FALSE
Spain,ESP,1995,6,0,0,FALSE,FALSE,FALSE,TRUE,TRUE,FALSE
Spain,ESP,1996,1,0,0,FALSE,FALSE,FALSE,TRUE,TRUE,FALSE
Spain,ESP,2006,2,0,0,FALSE,FALSE,FALSE,TRUE,TRUE,FALSE
Spain,ESP,2007,2,0,0,FALSE,FALSE,FALSE,TRUE,TRUE,FALSE
Spain,ESP,2008,5,0,0,FALSE,FALSE,FALSE,TRUE,TRUE,FALSE
Spain,ESP,2015,2,0,0,FALSE,FALSE,FALSE,TRUE,TRUE,FALSE
Spain,ESP,1975,11,0,0,FALSE,FALSE,FALSE,TRUE,FALSE,FALSE
Spain,ESP,1976,2,0,0,FALSE,FALSE,FALSE,TRUE,TRUE,FALSE
Sri Lanka,LKA,1980,104,4,3.8461538461538463,FALSE,FALSE,FALSE,FALSE,FALSE,FALSE
Sri Lanka,LKA,1981,574,57,9.930313588850174,FALSE,FALSE,FALSE,FALSE,FALSE,FALSE
Sri Lanka,LKA,1982,309,21,6.796116504854369,FALSE,FALSE,FALSE,FALSE,FALSE,FALSE
Sri Lanka,LKA,1983,86,2,2.3255813953488373,FALSE,FALSE,FALSE,TRUE,FALSE,FALSE
Sri Lanka,LKA,1988,154,11,7.142857142857143,FALSE,FALSE,FALSE,FALSE,FALSE,FALSE
Sri Lanka,LKA,1991,70,2,2.857142857142857,FALSE,FALSE,FALSE,TRUE,FALSE,FALSE
Sri Lanka,LKA,1992,121,3,2.479338842975207,FALSE,FALSE,FALSE,FALSE,FALSE,FALSE
Sri Lanka,LKA,1993,1,0,0,FALSE,FALSE,FALSE,TRUE,TRUE,FALSE
Sri Lanka,LKA,1997,430,12,2.7906976744186047,FALSE,FALSE,FALSE,FALSE,FALSE,FALSE
Sri Lanka,LKA,1998,1536,49,3.1901041666666665,FALSE,FALSE,FALSE,FALSE,FALSE,FALSE
Sri Lanka,LKA,1999,108,5,4.62962962962963,FALSE,FALSE,FALSE,FALSE,FALSE,FALSE
Sri Lanka,LKA,2000,2,0,0,FALSE,FALSE,FALSE,TRUE,TRUE,FALSE
Sri Lanka,LKA,2002,9,1,11.11111111111111,FALSE,FALSE,FALSE,TRUE,TRUE,FALSE
Sri Lanka,LKA,1973,118,13,11.016949152542374,FALSE,FALSE,FALSE,FALSE,FALSE,FALSE
Sri Lanka,LKA,1974,4559,333,7.304233384514148,FALSE,FALSE,FALSE,FALSE,FALSE,FALSE
Sri Lanka,LKA,1975,1453,67,4.611149346180317,FALSE,FALSE,FALSE,FALSE,FALSE,FALSE
Sri Lanka,LKA,1976,728,16,2.197802197802198,FALSE,FALSE,FALSE,FALSE,FALSE,FALSE
Sri Lanka,LKA,1977,5,0,0,FALSE,FALSE,FALSE,TRUE,TRUE,FALSE
Sri Lanka,LKA,1978,48,2,4.166666666666667,FALSE,FALSE,FALSE,TRUE,FALSE,FALSE
Sri Lanka,LKA,1979,46,0,0,FALSE,FALSE,FALSE,TRUE,FALSE,FALSE
Sudan,SDN,1980,17,2,11.764705882352942,FALSE,FALSE,FALSE,TRUE,FALSE,FALSE
Sudan,SDN,1985,4457,239,5.362351357415302,FALSE,FALSE,FALSE,FALSE,FALSE,FALSE
Sudan,SDN,1999,0,0,NA,FALSE,FALSE,TRUE,FALSE,FALSE,NA
Sudan,SDN,2006,30662,1011,3.297240884482421,FALSE,FALSE,FALSE,FALSE,FALSE,FALSE
Sudan,SDN,2007,13731,500,3.641395382710655,FALSE,FALSE,FALSE,FALSE,FALSE,FALSE
Sudan,SDN,2008,17241,118,0.6844150571312569,FALSE,FALSE,FALSE,FALSE,FALSE,FALSE
Sudan,SDN,2009,13681,52,0.3800891747679263,FALSE,FALSE,FALSE,FALSE,FALSE,FALSE
Sudan,SDN,2019,346,11,3.179190751445087,FALSE,FALSE,FALSE,FALSE,FALSE,FALSE
Sudan,SDN,2020,7,0,0,FALSE,FALSE,FALSE,TRUE,TRUE,FALSE
Sudan,SDN,2021,9,0,0,FALSE,FALSE,FALSE,TRUE,TRUE,FALSE
Sudan,SDN,1979,845,176,20.828402366863905,FALSE,FALSE,FALSE,FALSE,FALSE,FALSE
Suriname,SUR,1992,12,1,8.333333333333334,FALSE,FALSE,FALSE,TRUE,FALSE,FALSE
Sweden,SWE,1986,1,0,0,FALSE,FALSE,FALSE,TRUE,TRUE,FALSE
Sweden,SWE,1987,1,0,0,FALSE,FALSE,FALSE,TRUE,TRUE,FALSE
Sweden,SWE,1992,1,0,0,FALSE,FALSE,FALSE,TRUE,TRUE,FALSE
Sweden,SWE,1994,1,0,0,FALSE,FALSE,FALSE,TRUE,TRUE,FALSE
Sweden,SWE,1995,2,0,0,FALSE,FALSE,FALSE,TRUE,TRUE,FALSE
Sweden,SWE,1996,1,0,0,FALSE,FALSE,FALSE,TRUE,TRUE,FALSE
Sweden,SWE,2004,1,0,0,FALSE,FALSE,FALSE,TRUE,TRUE,FALSE
Sweden,SWE,2006,1,0,0,FALSE,FALSE,FALSE,TRUE,TRUE,FALSE
Sweden,SWE,2011,1,0,0,FALSE,FALSE,FALSE,TRUE,TRUE,FALSE
Sweden,SWE,2015,1,0,0,FALSE,FALSE,FALSE,TRUE,TRUE,FALSE
Sweden,SWE,1971,4,0,0,FALSE,FALSE,FALSE,TRUE,TRUE,FALSE
Sweden,SWE,1973,10,0,0,FALSE,FALSE,FALSE,TRUE,FALSE,FALSE
Sweden,SWE,1974,1,0,0,FALSE,FALSE,FALSE,TRUE,TRUE,FALSE
Sweden,SWE,1976,1,0,0,FALSE,FALSE,FALSE,TRUE,TRUE,FALSE
Sweden,SWE,1979,1,0,0,FALSE,FALSE,FALSE,TRUE,TRUE,FALSE
Switzerland,CHE,1985,1,0,0,FALSE,FALSE,FALSE,TRUE,TRUE,FALSE
Switzerland,CHE,1988,1,0,0,FALSE,FALSE,FALSE,TRUE,TRUE,FALSE
Switzerland,CHE,1992,1,0,0,FALSE,FALSE,FALSE,TRUE,TRUE,FALSE
Switzerland,CHE,1993,2,0,0,FALSE,FALSE,FALSE,TRUE,TRUE,FALSE
Switzerland,CHE,1995,2,0,0,FALSE,FALSE,FALSE,TRUE,TRUE,FALSE
Switzerland,CHE,2006,1,0,0,FALSE,FALSE,FALSE,TRUE,TRUE,FALSE
Switzerland,CHE,2015,2,0,0,FALSE,FALSE,FALSE,TRUE,TRUE,FALSE
Switzerland,CHE,1977,1,0,0,FALSE,FALSE,FALSE,TRUE,TRUE,FALSE
Switzerland,CHE,1978,1,0,0,FALSE,FALSE,FALSE,TRUE,TRUE,FALSE
Syria,SYR,1970,49,0,0,FALSE,FALSE,FALSE,TRUE,FALSE,FALSE
Syria,SYR,1971,5,0,0,FALSE,FALSE,FALSE,TRUE,TRUE,FALSE
Syria,SYR,1972,505,25,4.9504950495049505,FALSE,FALSE,FALSE,FALSE,FALSE,FALSE
Syria,SYR,1975,67,6,8.955223880597014,FALSE,FALSE,FALSE,TRUE,FALSE,FALSE
Syria,SYR,1976,795,11,1.3836477987421383,FALSE,FALSE,FALSE,FALSE,FALSE,FALSE
Syria,SYR,1977,2362,66,2.79424216765453,FALSE,FALSE,FALSE,FALSE,FALSE,FALSE
Syria,SYR,1979,689,30,4.354136429608127,FALSE,FALSE,FALSE,FALSE,FALSE,FALSE
Taiwan,TWN,2020,1,0,0,FALSE,FALSE,FALSE,TRUE,TRUE,FALSE
Tajikistan,TJK,1993,165,5,3.0303030303030303,FALSE,FALSE,FALSE,FALSE,FALSE,FALSE
Tajikistan,TJK,1994,10,0,0,FALSE,FALSE,FALSE,TRUE,FALSE,FALSE
Tanzania,TZA,1980,5196,587,11.297151655119322,FALSE,FALSE,FALSE,FALSE,FALSE,FALSE
Tanzania,TZA,1981,4241,330,7.78118368309361,FALSE,FALSE,FALSE,FALSE,FALSE,FALSE
Tanzania,TZA,1982,4071,324,7.958732498157701,FALSE,FALSE,FALSE,FALSE,FALSE,FALSE
Tanzania,TZA,1983,1816,127,6.993392070484582,FALSE,FALSE,FALSE,FALSE,FALSE,FALSE
Tanzania,TZA,1984,2600,338,13,FALSE,FALSE,FALSE,FALSE,FALSE,FALSE
Tanzania,TZA,1985,1984,250,12.600806451612904,FALSE,FALSE,FALSE,FALSE,FALSE,FALSE
Tanzania,TZA,1986,1231,215,17.465475223395615,FALSE,FALSE,FALSE,FALSE,FALSE,FALSE
Tanzania,TZA,1987,1892,232,12.26215644820296,FALSE,FALSE,FALSE,FALSE,FALSE,FALSE
Tanzania,TZA,1988,5267,580,11.01196126827416,FALSE,FALSE,FALSE,FALSE,FALSE,FALSE
Tanzania,TZA,1989,2150,232,10.790697674418604,FALSE,FALSE,FALSE,FALSE,FALSE,FALSE
Tanzania,TZA,1990,2230,81,3.632286995515695,FALSE,FALSE,FALSE,FALSE,FALSE,FALSE
Tanzania,TZA,1991,5676,572,10.077519379844961,FALSE,FALSE,FALSE,FALSE,FALSE,FALSE
Tanzania,TZA,1992,18526,2173,11.729461297635755,FALSE,FALSE,FALSE,FALSE,FALSE,FALSE
Tanzania,TZA,1993,792,74,9.343434343434344,FALSE,FALSE,FALSE,FALSE,FALSE,FALSE
Tanzania,TZA,1994,2240,155,6.919642857142857,FALSE,FALSE,FALSE,FALSE,FALSE,FALSE
Tanzania,TZA,1996,1464,36,2.459016393442623,FALSE,FALSE,FALSE,FALSE,FALSE,FALSE
Tanzania,TZA,1997,40249,2231,5.542994857015081,FALSE,FALSE,FALSE,FALSE,FALSE,FALSE
Tanzania,TZA,1998,14488,608,4.196576477084483,FALSE,FALSE,FALSE,FALSE,FALSE,FALSE
Tanzania,TZA,1999,12266,584,4.761128322191423,FALSE,FALSE,FALSE,FALSE,FALSE,FALSE
Tanzania,TZA,2000,4637,156,3.364244123355618,FALSE,FALSE,FALSE,FALSE,FALSE,FALSE
Tanzania,TZA,2001,1300,52,4,FALSE,FALSE,FALSE,FALSE,FALSE,FALSE
Tanzania,TZA,2002,11920,297,2.4916107382550337,FALSE,FALSE,FALSE,FALSE,FALSE,FALSE
Tanzania,TZA,2003,710,32,4.507042253521127,FALSE,FALSE,FALSE,FALSE,FALSE,FALSE
Tanzania,TZA,2004,10319,272,2.6359143327841843,FALSE,FALSE,FALSE,FALSE,FALSE,FALSE
Tanzania,TZA,2005,2945,94,3.191850594227504,FALSE,FALSE,FALSE,FALSE,FALSE,FALSE
Tanzania,TZA,2006,14297,254,1.7765964887738686,FALSE,FALSE,FALSE,FALSE,FALSE,FALSE
Tanzania,TZA,2007,1609,65,4.039776258545681,FALSE,FALSE,FALSE,FALSE,FALSE,FALSE
Tanzania,TZA,2008,2911,88,3.0230161456544145,FALSE,FALSE,FALSE,FALSE,FALSE,FALSE
Tanzania,TZA,2009,7700,113,1.4675324675324675,FALSE,FALSE,FALSE,FALSE,FALSE,FALSE
Tanzania,TZA,2010,4469,59,1.320205862609085,FALSE,FALSE,FALSE,FALSE,FALSE,FALSE
Tanzania,TZA,2011,942,11,1.167728237791932,FALSE,FALSE,FALSE,FALSE,FALSE,FALSE
Tanzania,TZA,2012,286,4,1.3986013986013985,FALSE,FALSE,FALSE,FALSE,FALSE,FALSE
Tanzania,TZA,2013,270,17,6.296296296296297,FALSE,FALSE,FALSE,FALSE,FALSE,FALSE
Tanzania,TZA,2015,11563,144,1.2453515523653031,FALSE,FALSE,FALSE,FALSE,FALSE,FALSE
Tanzania,TZA,2016,11360,172,1.5140845070422535,FALSE,FALSE,FALSE,FALSE,FALSE,FALSE
Tanzania,TZA,2017,4895,99,2.0224719101123596,FALSE,FALSE,FALSE,FALSE,FALSE,FALSE
Tanzania,TZA,2018,4777,84,1.7584257902449236,FALSE,FALSE,FALSE,FALSE,FALSE,FALSE
Tanzania,TZA,1995,2957,96,3.246533648968549,FALSE,FALSE,FALSE,FALSE,FALSE,FALSE
Tanzania,TZA,2021,54,0,0,FALSE,FALSE,FALSE,TRUE,FALSE,FALSE
Tanzania,TZA,1974,10,6,60,FALSE,FALSE,FALSE,TRUE,FALSE,FALSE
Tanzania,TZA,1977,297,26,8.754208754208754,FALSE,FALSE,FALSE,FALSE,FALSE,FALSE
Tanzania,TZA,1978,6608,733,11.092615012106538,FALSE,FALSE,FALSE,FALSE,FALSE,FALSE
Tanzania,TZA,1979,2559,305,11.91871824931614,FALSE,FALSE,FALSE,FALSE,FALSE,FALSE
Thailand,THA,1980,4331,85,1.9625952435927037,FALSE,FALSE,FALSE,FALSE,FALSE,FALSE
Thailand,THA,1981,39,2,5.128205128205129,FALSE,FALSE,FALSE,TRUE,FALSE,FALSE
Thailand,THA,1982,638,16,2.5078369905956115,FALSE,FALSE,FALSE,FALSE,FALSE,FALSE
Thailand,THA,1983,1497,41,2.738810955243821,FALSE,FALSE,FALSE,FALSE,FALSE,FALSE
Thailand,THA,1984,645,19,2.945736434108527,FALSE,FALSE,FALSE,FALSE,FALSE,FALSE
Thailand,THA,1985,899,14,1.557285873192436,FALSE,FALSE,FALSE,FALSE,FALSE,FALSE
Thailand,THA,1986,213,1,0.4694835680751174,FALSE,FALSE,FALSE,FALSE,FALSE,FALSE
Thailand,THA,1987,6353,36,0.5666614198016685,FALSE,FALSE,FALSE,FALSE,FALSE,FALSE
Thailand,THA,1988,3418,41,1.1995318899941487,FALSE,FALSE,FALSE,FALSE,FALSE,FALSE
Thailand,THA,1994,3487,5,0.14338973329509608,FALSE,FALSE,FALSE,FALSE,FALSE,FALSE
Thailand,THA,2006,35,0,0,FALSE,FALSE,FALSE,TRUE,FALSE,FALSE
Thailand,THA,2007,1428,7,0.49019607843137253,FALSE,FALSE,FALSE,FALSE,FALSE,FALSE
Thailand,THA,2008,436,3,0.6880733944954128,FALSE,FALSE,FALSE,FALSE,FALSE,FALSE
Thailand,THA,2009,315,2,0.6349206349206349,FALSE,FALSE,FALSE,FALSE,FALSE,FALSE
Thailand,THA,2010,1974,15,0.7598784194528876,FALSE,FALSE,FALSE,FALSE,FALSE,FALSE
Thailand,THA,2011,279,4,1.4336917562724014,FALSE,FALSE,FALSE,FALSE,FALSE,FALSE
Thailand,THA,2012,29,0,0,FALSE,FALSE,FALSE,TRUE,FALSE,FALSE
Thailand,THA,2013,8,0,0,FALSE,FALSE,FALSE,TRUE,TRUE,FALSE
Thailand,THA,2014,12,0,0,FALSE,FALSE,FALSE,TRUE,FALSE,FALSE
Thailand,THA,2015,125,1,0.8,FALSE,FALSE,FALSE,FALSE,FALSE,FALSE
Thailand,THA,2016,52,1,1.9230769230769231,FALSE,FALSE,FALSE,TRUE,FALSE,FALSE
Thailand,THA,2017,8,0,0,FALSE,FALSE,FALSE,TRUE,TRUE,FALSE
Thailand,THA,2018,6,0,0,FALSE,FALSE,FALSE,TRUE,TRUE,FALSE
Thailand,THA,2019,12,1,8.333333333333334,FALSE,FALSE,FALSE,TRUE,FALSE,FALSE
Thailand,THA,2020,7,1,14.285714285714286,FALSE,FALSE,FALSE,TRUE,TRUE,FALSE
Thailand,THA,2021,1,0,0,FALSE,FALSE,FALSE,TRUE,TRUE,FALSE
Thailand,THA,1949,16,2,12.5,FALSE,FALSE,FALSE,TRUE,FALSE,FALSE
Thailand,THA,1951,1,0,0,FALSE,FALSE,FALSE,TRUE,TRUE,FALSE
Thailand,THA,1958,10201,1426,13.979021664542692,FALSE,FALSE,FALSE,FALSE,FALSE,FALSE
Thailand,THA,1959,4368,613,14.033882783882785,FALSE,FALSE,FALSE,FALSE,FALSE,FALSE
Thailand,THA,1963,2230,156,6.995515695067264,FALSE,FALSE,FALSE,FALSE,FALSE,FALSE
Thailand,THA,1964,960,30,3.125,FALSE,FALSE,FALSE,FALSE,FALSE,FALSE
Thailand,THA,1965,65,4,6.153846153846154,FALSE,FALSE,FALSE,TRUE,FALSE,FALSE
Thailand,THA,1966,401,21,5.236907730673317,FALSE,FALSE,FALSE,FALSE,FALSE,FALSE
Thailand,THA,1967,148,6,4.054054054054054,FALSE,FALSE,FALSE,FALSE,FALSE,FALSE
Thailand,THA,1968,404,21,5.198019801980198,FALSE,FALSE,FALSE,FALSE,FALSE,FALSE
Thailand,THA,1969,961,40,4.1623309053069715,FALSE,FALSE,FALSE,FALSE,FALSE,FALSE
Thailand,THA,1973,844,33,3.909952606635071,FALSE,FALSE,FALSE,FALSE,FALSE,FALSE
Thailand,THA,1974,1475,64,4.338983050847458,FALSE,FALSE,FALSE,FALSE,FALSE,FALSE
Thailand,THA,1975,1335,88,6.591760299625468,FALSE,FALSE,FALSE,FALSE,FALSE,FALSE
Thailand,THA,1976,6,0,0,FALSE,FALSE,FALSE,TRUE,TRUE,FALSE
Thailand,THA,1977,383,5,1.3054830287206267,FALSE,FALSE,FALSE,FALSE,FALSE,FALSE
Thailand,THA,1978,4183,123,2.9404733444896007,FALSE,FALSE,FALSE,FALSE,FALSE,FALSE
Thailand,THA,1979,1788,44,2.460850111856823,FALSE,FALSE,FALSE,FALSE,FALSE,FALSE
Togo,TGO,2010,72,3,4.166666666666667,FALSE,FALSE,FALSE,TRUE,FALSE,FALSE
Togo,TGO,2014,262,11,4.198473282442748,FALSE,FALSE,FALSE,FALSE,FALSE,FALSE
Togo,TGO,2015,35,1,2.857142857142857,FALSE,FALSE,FALSE,TRUE,FALSE,FALSE
Togo,TGO,1988,1,0,0,FALSE,FALSE,FALSE,TRUE,TRUE,FALSE
Togo,TGO,1991,2396,81,3.380634390651085,FALSE,FALSE,FALSE,FALSE,FALSE,FALSE
Togo,TGO,1992,753,53,7.038512616201859,FALSE,FALSE,FALSE,FALSE,FALSE,FALSE
Togo,TGO,1993,19,2,10.526315789473685,FALSE,FALSE,FALSE,TRUE,FALSE,FALSE
Togo,TGO,1994,47,5,10.638297872340425,FALSE,FALSE,FALSE,TRUE,FALSE,FALSE
Togo,TGO,1995,65,4,6.153846153846154,FALSE,FALSE,FALSE,TRUE,FALSE,FALSE
Togo,TGO,1996,146,17,11.643835616438356,FALSE,FALSE,FALSE,FALSE,FALSE,FALSE
Togo,TGO,1997,42,7,16.666666666666668,FALSE,FALSE,FALSE,TRUE,FALSE,FALSE
Togo,TGO,1998,3217,221,6.869754429592788,FALSE,FALSE,FALSE,FALSE,FALSE,FALSE
Togo,TGO,1999,667,31,4.6476761619190405,FALSE,FALSE,FALSE,FALSE,FALSE,FALSE
Togo,TGO,2000,338,23,6.8047337278106506,FALSE,FALSE,FALSE,FALSE,FALSE,FALSE
Togo,TGO,2001,2551,130,5.096040768326147,FALSE,FALSE,FALSE,FALSE,FALSE,FALSE
Togo,TGO,2002,257,14,5.447470817120623,FALSE,FALSE,FALSE,FALSE,FALSE,FALSE
Togo,TGO,2003,384,28,7.291666666666667,FALSE,FALSE,FALSE,FALSE,FALSE,FALSE
Togo,TGO,2004,1080,33,3.0555555555555554,FALSE,FALSE,FALSE,FALSE,FALSE,FALSE
Togo,TGO,2005,1320,15,1.1363636363636365,FALSE,FALSE,FALSE,FALSE,FALSE,FALSE
Togo,TGO,2006,1159,25,2.1570319240724762,FALSE,FALSE,FALSE,FALSE,FALSE,FALSE
Togo,TGO,2007,65,1,1.5384615384615385,FALSE,FALSE,FALSE,TRUE,FALSE,FALSE
Togo,TGO,2008,397,3,0.7556675062972292,FALSE,FALSE,FALSE,FALSE,FALSE,FALSE
Togo,TGO,2009,218,1,0.45871559633027525,FALSE,FALSE,FALSE,FALSE,FALSE,FALSE
Togo,TGO,2011,4,0,0,FALSE,FALSE,FALSE,TRUE,TRUE,FALSE
Togo,TGO,2012,61,1,1.639344262295082,FALSE,FALSE,FALSE,TRUE,FALSE,FALSE
Togo,TGO,2013,166,4,2.4096385542168677,FALSE,FALSE,FALSE,FALSE,FALSE,FALSE
Togo,TGO,2020,67,2,2.985074626865672,FALSE,FALSE,FALSE,TRUE,FALSE,FALSE
Togo,TGO,2021,40,5,12.5,FALSE,FALSE,FALSE,TRUE,FALSE,FALSE
Togo,TGO,1970,75,3,4,FALSE,FALSE,FALSE,TRUE,FALSE,FALSE
Togo,TGO,1971,335,26,7.7611940298507465,FALSE,FALSE,FALSE,FALSE,FALSE,FALSE
Togo,TGO,1972,16,0,0,FALSE,FALSE,FALSE,TRUE,FALSE,FALSE
Togo,TGO,1974,58,8,13.793103448275861,FALSE,FALSE,FALSE,TRUE,FALSE,FALSE
Togo,TGO,1977,132,12,9.090909090909092,FALSE,FALSE,FALSE,FALSE,FALSE,FALSE
Togo,TGO,1978,6,6,100,FALSE,FALSE,FALSE,TRUE,TRUE,FALSE
Tonga,TON,2001,145,2,1.3793103448275863,FALSE,FALSE,FALSE,FALSE,FALSE,FALSE
Tunisia,TUN,1970,27,0,0,FALSE,FALSE,FALSE,TRUE,FALSE,FALSE
Tunisia,TUN,1972,4,0,0,FALSE,FALSE,FALSE,TRUE,TRUE,FALSE
Tunisia,TUN,1973,656,16,2.4390243902439024,FALSE,FALSE,FALSE,FALSE,FALSE,FALSE
Turkey,TUR,1970,384,52,13.541666666666666,FALSE,FALSE,FALSE,FALSE,FALSE,FALSE
Turkey,TUR,1977,17,0,0,FALSE,FALSE,FALSE,TRUE,FALSE,FALSE
Turkmenistan,TKM,1994,1,0,0,FALSE,FALSE,FALSE,TRUE,TRUE,FALSE
Turkmenistan,TKM,1997,55,0,0,FALSE,FALSE,FALSE,TRUE,FALSE,FALSE
Turkmenistan,TKM,2001,561,6,1.0695187165775402,FALSE,FALSE,FALSE,FALSE,FALSE,FALSE
Turkmenistan,TKM,2002,30,2,6.666666666666667,FALSE,FALSE,FALSE,TRUE,FALSE,FALSE
Tuvalu,TUV,1990,42,0,0,FALSE,FALSE,FALSE,TRUE,FALSE,FALSE
Tuvalu,TUV,1992,293,8,2.7303754266211606,FALSE,FALSE,FALSE,FALSE,FALSE,FALSE
Uganda,UGA,1980,1539,181,11.760883690708251,FALSE,FALSE,FALSE,FALSE,FALSE,FALSE
Uganda,UGA,1982,190,48,25.263157894736842,FALSE,FALSE,FALSE,FALSE,FALSE,FALSE
Uganda,UGA,1991,279,28,10.03584229390681,FALSE,FALSE,FALSE,FALSE,FALSE,FALSE
Uganda,UGA,1992,5072,104,2.050473186119874,FALSE,FALSE,FALSE,FALSE,FALSE,FALSE
Uganda,UGA,1994,704,39,5.5397727272727275,FALSE,FALSE,FALSE,FALSE,FALSE,FALSE
Uganda,UGA,1995,538,66,12.267657992565056,FALSE,FALSE,FALSE,FALSE,FALSE,FALSE
Uganda,UGA,1996,291,40,13.745704467353951,FALSE,FALSE,FALSE,FALSE,FALSE,FALSE
Uganda,UGA,1997,2610,188,7.203065134099617,FALSE,FALSE,FALSE,FALSE,FALSE,FALSE
Uganda,UGA,1998,49514,2064,4.16851799491053,FALSE,FALSE,FALSE,FALSE,FALSE,FALSE
Uganda,UGA,1999,5179,228,4.402394284610929,FALSE,FALSE,FALSE,FALSE,FALSE,FALSE
Uganda,UGA,2000,2807,172,6.127538297114357,FALSE,FALSE,FALSE,FALSE,FALSE,FALSE
Uganda,UGA,2001,247,4,1.6194331983805668,FALSE,FALSE,FALSE,FALSE,FALSE,FALSE
Uganda,UGA,2002,2274,133,5.8487247141600704,FALSE,FALSE,FALSE,FALSE,FALSE,FALSE
Uganda,UGA,2003,4377,129,2.9472241261137766,FALSE,FALSE,FALSE,FALSE,FALSE,FALSE
Uganda,UGA,2004,3380,91,2.6923076923076925,FALSE,FALSE,FALSE,FALSE,FALSE,FALSE
Uganda,UGA,2005,4924,98,1.990251827782291,FALSE,FALSE,FALSE,FALSE,FALSE,FALSE
Uganda,UGA,2006,5194,106,2.0408163265306123,FALSE,FALSE,FALSE,FALSE,FALSE,FALSE
Uganda,UGA,2007,276,3,1.0869565217391304,FALSE,FALSE,FALSE,FALSE,FALSE,FALSE
Uganda,UGA,2008,3726,120,3.2206119162640903,FALSE,FALSE,FALSE,FALSE,FALSE,FALSE
Uganda,UGA,2009,1095,23,2.1004566210045663,FALSE,FALSE,FALSE,FALSE,FALSE,FALSE
Uganda,UGA,2010,2341,78,3.3319094404100813,FALSE,FALSE,FALSE,FALSE,FALSE,FALSE
Uganda,UGA,2012,6326,135,2.134049952576668,FALSE,FALSE,FALSE,FALSE,FALSE,FALSE
Uganda,UGA,2013,748,27,3.609625668449198,FALSE,FALSE,FALSE,FALSE,FALSE,FALSE
Uganda,UGA,2014,309,9,2.912621359223301,FALSE,FALSE,FALSE,FALSE,FALSE,FALSE
Uganda,UGA,2015,1461,33,2.2587268993839835,FALSE,FALSE,FALSE,FALSE,FALSE,FALSE
Uganda,UGA,2016,516,11,2.131782945736434,FALSE,FALSE,FALSE,FALSE,FALSE,FALSE
Uganda,UGA,2017,252,0,0,FALSE,FALSE,FALSE,FALSE,FALSE,FALSE
Uganda,UGA,2018,4440,90,2.027027027027027,FALSE,FALSE,FALSE,FALSE,FALSE,FALSE
Uganda,UGA,2019,358,5,1.3966480446927374,FALSE,FALSE,FALSE,FALSE,FALSE,FALSE
Uganda,UGA,2020,1521,18,1.183431952662722,FALSE,FALSE,FALSE,FALSE,FALSE,FALSE
Uganda,UGA,1987,140,50,35.714285714285715,FALSE,FALSE,FALSE,FALSE,FALSE,FALSE
Uganda,UGA,2021,173,0,0,FALSE,FALSE,FALSE,FALSE,FALSE,FALSE
Uganda,UGA,1971,757,30,3.963011889035667,FALSE,FALSE,FALSE,FALSE,FALSE,FALSE
Uganda,UGA,1975,3,0,0,FALSE,FALSE,FALSE,TRUE,TRUE,FALSE
Uganda,UGA,1978,1120,110,9.821428571428571,FALSE,FALSE,FALSE,FALSE,FALSE,FALSE
Uganda,UGA,1979,940,60,6.382978723404255,FALSE,FALSE,FALSE,FALSE,FALSE,FALSE
Ukraine,UKR,1991,75,0,0,FALSE,FALSE,FALSE,TRUE,FALSE,FALSE
Ukraine,UKR,1994,813,20,2.4600246002460024,FALSE,FALSE,FALSE,FALSE,FALSE,FALSE
Ukraine,UKR,1995,525,10,1.9047619047619047,FALSE,FALSE,FALSE,FALSE,FALSE,FALSE
Ukraine,UKR,1999,2,0,0,FALSE,FALSE,FALSE,TRUE,TRUE,FALSE
Ukraine,UKR,2007,0,0,NA,FALSE,FALSE,TRUE,FALSE,FALSE,NA
Ukraine,UKR,2011,33,0,0,FALSE,FALSE,FALSE,TRUE,FALSE,FALSE
United Arab Emirates,ARE,2017,12,0,0,FALSE,FALSE,FALSE,TRUE,FALSE,FALSE
United Arab Emirates,ARE,2020,13,0,0,FALSE,FALSE,FALSE,TRUE,FALSE,FALSE
United Arab Emirates,ARE,2021,153,0,0,FALSE,FALSE,FALSE,FALSE,FALSE,FALSE
United Arab Emirates,ARE,1972,2,0,0,FALSE,FALSE,FALSE,TRUE,TRUE,FALSE
United Kingdom,GBR,1981,12,0,0,FALSE,FALSE,FALSE,TRUE,FALSE,FALSE
United Kingdom,GBR,1982,1,0,0,FALSE,FALSE,FALSE,TRUE,TRUE,FALSE
United Kingdom,GBR,1983,4,0,0,FALSE,FALSE,FALSE,TRUE,TRUE,FALSE
United Kingdom,GBR,1984,5,0,0,FALSE,FALSE,FALSE,TRUE,TRUE,FALSE
United Kingdom,GBR,1985,4,1,25,FALSE,FALSE,FALSE,TRUE,TRUE,FALSE
United Kingdom,GBR,1986,11,0,0,FALSE,FALSE,FALSE,TRUE,FALSE,FALSE
United Kingdom,GBR,1987,2,0,0,FALSE,FALSE,FALSE,TRUE,TRUE,FALSE
United Kingdom,GBR,1988,10,0,0,FALSE,FALSE,FALSE,TRUE,FALSE,FALSE
United Kingdom,GBR,1989,1,0,0,FALSE,FALSE,FALSE,TRUE,TRUE,FALSE
United Kingdom,GBR,1990,6,0,0,FALSE,FALSE,FALSE,TRUE,TRUE,FALSE
United Kingdom,GBR,1991,8,0,0,FALSE,FALSE,FALSE,TRUE,TRUE,FALSE
United Kingdom,GBR,1992,5,0,0,FALSE,FALSE,FALSE,TRUE,TRUE,FALSE
United Kingdom,GBR,1993,13,0,0,FALSE,FALSE,FALSE,TRUE,FALSE,FALSE
United Kingdom,GBR,1994,18,0,0,FALSE,FALSE,FALSE,TRUE,FALSE,FALSE
United Kingdom,GBR,1995,10,0,0,FALSE,FALSE,FALSE,TRUE,FALSE,FALSE
United Kingdom,GBR,1996,13,0,0,FALSE,FALSE,FALSE,TRUE,FALSE,FALSE
United Kingdom,GBR,1997,6,0,0,FALSE,FALSE,FALSE,TRUE,TRUE,FALSE
United Kingdom,GBR,1998,18,0,0,FALSE,FALSE,FALSE,TRUE,FALSE,FALSE
United Kingdom,GBR,2004,13,0,0,FALSE,FALSE,FALSE,TRUE,FALSE,FALSE
United Kingdom,GBR,2006,49,0,0,FALSE,FALSE,FALSE,TRUE,FALSE,FALSE
United Kingdom,GBR,2007,32,0,0,FALSE,FALSE,FALSE,TRUE,FALSE,FALSE
United Kingdom,GBR,2008,8,0,0,FALSE,FALSE,FALSE,TRUE,TRUE,FALSE
United Kingdom,GBR,2009,16,0,0,FALSE,FALSE,FALSE,TRUE,FALSE,FALSE
United Kingdom,GBR,2010,8,0,0,FALSE,FALSE,FALSE,TRUE,TRUE,FALSE
United Kingdom,GBR,2011,32,0,0,FALSE,FALSE,FALSE,TRUE,FALSE,FALSE
United Kingdom,GBR,2012,17,0,0,FALSE,FALSE,FALSE,TRUE,FALSE,FALSE
United Kingdom,GBR,2013,6,0,0,FALSE,FALSE,FALSE,TRUE,TRUE,FALSE
United Kingdom,GBR,2014,14,0,0,FALSE,FALSE,FALSE,TRUE,FALSE,FALSE
United Kingdom,GBR,2015,15,0,0,FALSE,FALSE,FALSE,TRUE,FALSE,FALSE
United Kingdom,GBR,2016,19,0,0,FALSE,FALSE,FALSE,TRUE,FALSE,FALSE
United Kingdom,GBR,1970,1,0,0,FALSE,FALSE,FALSE,TRUE,TRUE,FALSE
United Kingdom,GBR,1971,3,0,0,FALSE,FALSE,FALSE,TRUE,TRUE,FALSE
United Kingdom,GBR,1972,2,0,0,FALSE,FALSE,FALSE,TRUE,TRUE,FALSE
United Kingdom,GBR,1973,5,0,0,FALSE,FALSE,FALSE,TRUE,TRUE,FALSE
United Kingdom,GBR,1974,3,0,0,FALSE,FALSE,FALSE,TRUE,TRUE,FALSE
United Kingdom,GBR,1975,1,0,0,FALSE,FALSE,FALSE,TRUE,TRUE,FALSE
United Kingdom,GBR,1976,1,0,0,FALSE,FALSE,FALSE,TRUE,TRUE,FALSE
United Kingdom,GBR,1977,2,0,0,FALSE,FALSE,FALSE,TRUE,TRUE,FALSE
United States,USA,1987,6,0,0,FALSE,FALSE,FALSE,TRUE,TRUE,FALSE
United States,USA,1988,9,0,0,FALSE,FALSE,FALSE,TRUE,TRUE,FALSE
United States,USA,1990,7,0,0,FALSE,FALSE,FALSE,TRUE,TRUE,FALSE
United States,USA,1991,26,0,0,FALSE,FALSE,FALSE,TRUE,FALSE,FALSE
United States,USA,1992,103,1,0.970873786407767,FALSE,FALSE,FALSE,FALSE,FALSE,FALSE
United States,USA,1993,19,0,0,FALSE,FALSE,FALSE,TRUE,FALSE,FALSE
United States,USA,1994,47,0,0,FALSE,FALSE,FALSE,TRUE,FALSE,FALSE
United States,USA,1995,19,0,0,FALSE,FALSE,FALSE,TRUE,FALSE,FALSE
United States,USA,1996,3,0,0,FALSE,FALSE,FALSE,TRUE,TRUE,FALSE
United States,USA,1997,4,0,0,FALSE,FALSE,FALSE,TRUE,TRUE,FALSE
United States,USA,1998,17,0,0,FALSE,FALSE,FALSE,TRUE,FALSE,FALSE
United States,USA,1999,6,0,0,FALSE,FALSE,FALSE,TRUE,TRUE,FALSE
United States,USA,2000,4,0,0,FALSE,FALSE,FALSE,TRUE,TRUE,FALSE
United States,USA,2004,5,0,0,FALSE,FALSE,FALSE,TRUE,TRUE,FALSE
United States,USA,2005,12,0,0,FALSE,FALSE,FALSE,TRUE,FALSE,FALSE
United States,USA,2006,8,0,0,FALSE,FALSE,FALSE,TRUE,TRUE,FALSE
United States,USA,2007,7,0,0,FALSE,FALSE,FALSE,TRUE,TRUE,FALSE
United States,USA,2008,5,0,0,FALSE,FALSE,FALSE,TRUE,TRUE,FALSE
United States,USA,2009,10,0,0,FALSE,FALSE,FALSE,TRUE,FALSE,FALSE
United States,USA,2010,15,0,0,FALSE,FALSE,FALSE,TRUE,FALSE,FALSE
United States,USA,2011,42,0,0,FALSE,FALSE,FALSE,TRUE,FALSE,FALSE
United States,USA,2012,18,0,0,FALSE,FALSE,FALSE,TRUE,FALSE,FALSE
United States,USA,2013,14,0,0,FALSE,FALSE,FALSE,TRUE,FALSE,FALSE
United States,USA,2014,7,0,0,FALSE,FALSE,FALSE,TRUE,TRUE,FALSE
United States,USA,2015,4,0,0,FALSE,FALSE,FALSE,TRUE,TRUE,FALSE
United States,USA,2016,14,0,0,FALSE,FALSE,FALSE,TRUE,FALSE,FALSE
United States,USA,2017,11,0,0,FALSE,FALSE,FALSE,TRUE,FALSE,FALSE
United States,USA,2018,10,0,0,FALSE,FALSE,FALSE,TRUE,FALSE,FALSE
Uzbekistan,UZB,1994,1,0,0,FALSE,FALSE,FALSE,TRUE,TRUE,FALSE
Venezuela,VEN,1991,15,2,13.333333333333334,FALSE,FALSE,FALSE,TRUE,FALSE,FALSE
Venezuela,VEN,1992,2842,68,2.3926812104152004,FALSE,FALSE,FALSE,FALSE,FALSE,FALSE
Venezuela,VEN,1993,409,10,2.444987775061125,FALSE,FALSE,FALSE,FALSE,FALSE,FALSE
Venezuela,VEN,1996,269,9,3.345724907063197,FALSE,FALSE,FALSE,FALSE,FALSE,FALSE
Venezuela,VEN,1997,2551,59,2.3128185025480206,FALSE,FALSE,FALSE,FALSE,FALSE,FALSE
Venezuela,VEN,1998,313,7,2.236421725239617,FALSE,FALSE,FALSE,FALSE,FALSE,FALSE
Venezuela,VEN,1999,376,8,2.127659574468085,FALSE,FALSE,FALSE,FALSE,FALSE,FALSE
Venezuela,VEN,2000,141,0,0,FALSE,FALSE,FALSE,FALSE,FALSE,FALSE
Venezuela,VEN,2011,49,0,0,FALSE,FALSE,FALSE,TRUE,FALSE,FALSE
Venezuela,VEN,2013,4,0,0,FALSE,FALSE,FALSE,TRUE,TRUE,FALSE
Vietnam,VNM,1980,978,49,5.010224948875256,FALSE,FALSE,FALSE,FALSE,FALSE,FALSE
Vietnam,VNM,1981,157,8,5.095541401273885,FALSE,FALSE,FALSE,FALSE,FALSE,FALSE
Vietnam,VNM,1982,57,0,0,FALSE,FALSE,FALSE,TRUE,FALSE,FALSE
Vietnam,VNM,1983,392,0,0,FALSE,FALSE,FALSE,FALSE,FALSE,FALSE
Vietnam,VNM,1984,22,0,0,FALSE,FALSE,FALSE,TRUE,FALSE,FALSE
Vietnam,VNM,1985,502,9,1.792828685258964,FALSE,FALSE,FALSE,FALSE,FALSE,FALSE
Vietnam,VNM,1986,525,8,1.5238095238095237,FALSE,FALSE,FALSE,FALSE,FALSE,FALSE
Vietnam,VNM,1987,216,5,2.314814814814815,FALSE,FALSE,FALSE,FALSE,FALSE,FALSE
Vietnam,VNM,1988,343,7,2.0408163265306123,FALSE,FALSE,FALSE,FALSE,FALSE,FALSE
Vietnam,VNM,1989,143,0,0,FALSE,FALSE,FALSE,FALSE,FALSE,FALSE
Vietnam,VNM,1990,358,4,1.1173184357541899,FALSE,FALSE,FALSE,FALSE,FALSE,FALSE
Vietnam,VNM,1991,52,1,1.9230769230769231,FALSE,FALSE,FALSE,TRUE,FALSE,FALSE
Vietnam,VNM,1992,4260,110,2.5821596244131455,FALSE,FALSE,FALSE,FALSE,FALSE,FALSE
Vietnam,VNM,1993,3361,9,0.2677774471883368,FALSE,FALSE,FALSE,FALSE,FALSE,FALSE
Vietnam,VNM,1994,5776,68,1.1772853185595569,FALSE,FALSE,FALSE,FALSE,FALSE,FALSE
Vietnam,VNM,1995,6088,45,0.7391590013140604,FALSE,FALSE,FALSE,FALSE,FALSE,FALSE
Vietnam,VNM,1996,566,2,0.35335689045936397,FALSE,FALSE,FALSE,FALSE,FALSE,FALSE
Vietnam,VNM,1997,4,0,0,FALSE,FALSE,FALSE,TRUE,TRUE,FALSE
Vietnam,VNM,1998,13,1,7.6923076923076925,FALSE,FALSE,FALSE,TRUE,FALSE,FALSE
Vietnam,VNM,1999,169,0,0,FALSE,FALSE,FALSE,FALSE,FALSE,FALSE
Vietnam,VNM,2005,0,0,NA,FALSE,FALSE,TRUE,FALSE,FALSE,NA
Vietnam,VNM,2007,1946,0,0,FALSE,FALSE,FALSE,FALSE,FALSE,FALSE
Vietnam,VNM,2008,853,0,0,FALSE,FALSE,FALSE,FALSE,FALSE,FALSE
Vietnam,VNM,2009,471,1,0.21231422505307856,FALSE,FALSE,FALSE,FALSE,FALSE,FALSE
Vietnam,VNM,2010,606,0,0,FALSE,FALSE,FALSE,FALSE,FALSE,FALSE
Vietnam,VNM,1950,9,4,44.44444444444444,FALSE,FALSE,FALSE,TRUE,TRUE,FALSE
Vietnam,VNM,1951,26,21,80.76923076923077,FALSE,FALSE,FALSE,TRUE,FALSE,FALSE
Vietnam,VNM,1952,7,6,85.71428571428571,FALSE,FALSE,FALSE,TRUE,TRUE,FALSE
Vietnam,VNM,1953,7,7,100,FALSE,FALSE,FALSE,TRUE,TRUE,FALSE
Vietnam,VNM,1954,3,3,100,FALSE,FALSE,FALSE,TRUE,TRUE,FALSE
Vietnam,VNM,1964,20186,872,4.319825621718023,FALSE,FALSE,FALSE,FALSE,FALSE,FALSE
Vietnam,VNM,1965,1738,29,1.668584579976985,FALSE,FALSE,FALSE,FALSE,FALSE,FALSE
Vietnam,VNM,1966,8353,167,1.9992816951993295,FALSE,FALSE,FALSE,FALSE,FALSE,FALSE
Vietnam,VNM,1967,7664,71,0.9264091858037579,FALSE,FALSE,FALSE,FALSE,FALSE,FALSE
Vietnam,VNM,1968,1097,8,0.7292616226071102,FALSE,FALSE,FALSE,FALSE,FALSE,FALSE
Vietnam,VNM,1969,2573,26,1.0104935872522347,FALSE,FALSE,FALSE,FALSE,FALSE,FALSE
Vietnam,VNM,1970,82,1,1.2195121951219512,FALSE,FALSE,FALSE,TRUE,FALSE,FALSE
Vietnam,VNM,1971,270,1,0.37037037037037035,FALSE,FALSE,FALSE,FALSE,FALSE,FALSE
Vietnam,VNM,1972,146,1,0.684931506849315,FALSE,FALSE,FALSE,FALSE,FALSE,FALSE
Vietnam,VNM,1973,1495,18,1.2040133779264215,FALSE,FALSE,FALSE,FALSE,FALSE,FALSE
Vietnam,VNM,1974,139,2,1.4388489208633093,FALSE,FALSE,FALSE,FALSE,FALSE,FALSE
Vietnam,VNM,1975,5,0,0,FALSE,FALSE,FALSE,TRUE,TRUE,FALSE
Vietnam,VNM,1976,1068,0,0,FALSE,FALSE,FALSE,FALSE,FALSE,FALSE
Vietnam,VNM,1977,32,0,0,FALSE,FALSE,FALSE,TRUE,FALSE,FALSE
Vietnam,VNM,1978,2,0,0,FALSE,FALSE,FALSE,TRUE,TRUE,FALSE
Vietnam,VNM,1979,365,28,7.671232876712328,FALSE,FALSE,FALSE,FALSE,FALSE,FALSE
Yemen,YEM,1980,720,20,2.7777777777777777,FALSE,FALSE,FALSE,FALSE,FALSE,FALSE
Yemen,YEM,1992,4,0,0,FALSE,FALSE,FALSE,TRUE,TRUE,FALSE
Yemen,YEM,2009,55,3,5.454545454545454,FALSE,FALSE,FALSE,TRUE,FALSE,FALSE
Yemen,YEM,2010,300,4,1.3333333333333333,FALSE,FALSE,FALSE,FALSE,FALSE,FALSE
Yemen,YEM,2011,31789,134,0.4215294598760578,FALSE,FALSE,FALSE,FALSE,FALSE,FALSE
Yemen,YEM,2016,15751,164,1.0412037330963113,FALSE,FALSE,FALSE,FALSE,FALSE,FALSE
Yemen,YEM,2017,1032481,2261,0.21898708063392935,FALSE,FALSE,FALSE,FALSE,FALSE,FALSE
Yemen,YEM,2018,371326,505,0.13599909513473335,FALSE,FALSE,FALSE,FALSE,FALSE,FALSE
Yemen,YEM,2019,861096,1025,0.11903434692531378,FALSE,FALSE,FALSE,FALSE,FALSE,FALSE
Yemen,YEM,2020,275712,115,0.04171019034354689,FALSE,FALSE,FALSE,FALSE,FALSE,FALSE
Yemen,YEM,2021,72765,45,0.06184291898577613,FALSE,FALSE,FALSE,FALSE,FALSE,FALSE
Yemen,YEM,1971,190,26,13.68421052631579,FALSE,FALSE,FALSE,FALSE,FALSE,FALSE
Yemen,YEM,1972,1064,140,13.157894736842104,FALSE,FALSE,FALSE,FALSE,FALSE,FALSE
Yemen,YEM,1973,215,23,10.69767441860465,FALSE,FALSE,FALSE,FALSE,FALSE,FALSE
Yemen,YEM,1974,6,1,16.666666666666668,FALSE,FALSE,FALSE,TRUE,TRUE,FALSE
Yemen,YEM,1975,1,0,0,FALSE,FALSE,FALSE,TRUE,TRUE,FALSE
Yemen,YEM,1978,414,12,2.898550724637681,FALSE,FALSE,FALSE,FALSE,FALSE,FALSE
Yemen,YEM,1979,1953,45,2.304147465437788,FALSE,FALSE,FALSE,FALSE,FALSE,FALSE
Zambia,ZMB,1980,57,17,29.82456140350877,FALSE,FALSE,FALSE,TRUE,FALSE,FALSE
Zambia,ZMB,1981,14,0,0,FALSE,FALSE,FALSE,TRUE,FALSE,FALSE
Zambia,ZMB,1982,1403,131,9.337134711332858,FALSE,FALSE,FALSE,FALSE,FALSE,FALSE
Zambia,ZMB,1983,233,19,8.15450643776824,FALSE,FALSE,FALSE,FALSE,FALSE,FALSE
Zambia,ZMB,1989,44,44,100,FALSE,FALSE,FALSE,TRUE,FALSE,FALSE
Zambia,ZMB,1990,3717,315,8.474576271186441,FALSE,FALSE,FALSE,FALSE,FALSE,FALSE
Zambia,ZMB,1992,11659,913,7.830860279612317,FALSE,FALSE,FALSE,FALSE,FALSE,FALSE
Zambia,ZMB,1993,6766,426,6.2961868164351165,FALSE,FALSE,FALSE,FALSE,FALSE,FALSE
Zambia,ZMB,1996,2172,42,1.9337016574585635,FALSE,FALSE,FALSE,FALSE,FALSE,FALSE
Zambia,ZMB,1997,36,0,0,FALSE,FALSE,FALSE,TRUE,FALSE,FALSE
Zambia,ZMB,1998,171,0,0,FALSE,FALSE,FALSE,FALSE,FALSE,FALSE
Zambia,ZMB,1999,13511,535,3.9597365109910445,FALSE,FALSE,FALSE,FALSE,FALSE,FALSE
Zambia,ZMB,2000,4504,303,6.727353463587922,FALSE,FALSE,FALSE,FALSE,FALSE,FALSE
Zambia,ZMB,2001,3109,165,5.307172724348665,FALSE,FALSE,FALSE,FALSE,FALSE,FALSE
Zambia,ZMB,2002,339,12,3.5398230088495577,FALSE,FALSE,FALSE,FALSE,FALSE,FALSE
Zambia,ZMB,2003,1049,29,2.7645376549094376,FALSE,FALSE,FALSE,FALSE,FALSE,FALSE
Zambia,ZMB,2004,12149,373,3.0702115400444483,FALSE,FALSE,FALSE,FALSE,FALSE,FALSE
Zambia,ZMB,2005,1503,7,0.4657351962741184,FALSE,FALSE,FALSE,FALSE,FALSE,FALSE
Zambia,ZMB,2006,5360,183,3.4141791044776117,FALSE,FALSE,FALSE,FALSE,FALSE,FALSE
Zambia,ZMB,2007,2286,35,1.531058617672791,FALSE,FALSE,FALSE,FALSE,FALSE,FALSE
Zambia,ZMB,2008,2061,39,1.8922852983988354,FALSE,FALSE,FALSE,FALSE,FALSE,FALSE
Zambia,ZMB,2009,4712,80,1.697792869269949,FALSE,FALSE,FALSE,FALSE,FALSE,FALSE
Zambia,ZMB,2010,6794,62,0.9125699146305564,FALSE,FALSE,FALSE,FALSE,FALSE,FALSE
Zambia,ZMB,2011,330,7,2.121212121212121,FALSE,FALSE,FALSE,FALSE,FALSE,FALSE
Zambia,ZMB,2012,198,2,1.0101010101010102,FALSE,FALSE,FALSE,FALSE,FALSE,FALSE
Zambia,ZMB,2017,1794,57,3.177257525083612,FALSE,FALSE,FALSE,FALSE,FALSE,FALSE
Zambia,ZMB,2018,4082,74,1.8128368446839784,FALSE,FALSE,FALSE,FALSE,FALSE,FALSE
Zambia,ZMB,2019,447,9,2.0134228187919465,FALSE,FALSE,FALSE,FALSE,FALSE,FALSE
Zambia,ZMB,1991,13154,1091,8.294055040291926,FALSE,FALSE,FALSE,FALSE,FALSE,FALSE
Zambia,ZMB,1978,263,36,13.688212927756654,FALSE,FALSE,FALSE,FALSE,FALSE,FALSE
Zambia,ZMB,1979,12,11,91.66666666666667,FALSE,FALSE,FALSE,TRUE,FALSE,FALSE
Zimbabwe,ZWE,1985,144,6,4.166666666666667,FALSE,FALSE,FALSE,FALSE,FALSE,FALSE
Zimbabwe,ZWE,1992,2048,105,5.126953125,FALSE,FALSE,FALSE,FALSE,FALSE,FALSE
Zimbabwe,ZWE,1993,5385,332,6.165273909006499,FALSE,FALSE,FALSE,FALSE,FALSE,FALSE
Zimbabwe,ZWE,1998,995,44,4.422110552763819,FALSE,FALSE,FALSE,FALSE,FALSE,FALSE
Zimbabwe,ZWE,1999,5637,385,6.829874046478623,FALSE,FALSE,FALSE,FALSE,FALSE,FALSE
Zimbabwe,ZWE,2000,1675,223,13.313432835820896,FALSE,FALSE,FALSE,FALSE,FALSE,FALSE
Zimbabwe,ZWE,2001,650,14,2.1538461538461537,FALSE,FALSE,FALSE,FALSE,FALSE,FALSE
Zimbabwe,ZWE,2002,3125,192,6.144,FALSE,FALSE,FALSE,FALSE,FALSE,FALSE
Zimbabwe,ZWE,2003,1009,35,3.468780971258672,FALSE,FALSE,FALSE,FALSE,FALSE,FALSE
Zimbabwe,ZWE,2004,119,9,7.563025210084033,FALSE,FALSE,FALSE,FALSE,FALSE,FALSE
Zimbabwe,ZWE,2005,516,26,5.038759689922481,FALSE,FALSE,FALSE,FALSE,FALSE,FALSE
Zimbabwe,ZWE,2006,789,61,7.731305449936628,FALSE,FALSE,FALSE,FALSE,FALSE,FALSE
Zimbabwe,ZWE,2007,65,4,6.153846153846154,FALSE,FALSE,FALSE,TRUE,FALSE,FALSE
Zimbabwe,ZWE,2008,60055,2928,4.875530763466822,FALSE,FALSE,FALSE,FALSE,FALSE,FALSE
Zimbabwe,ZWE,2009,68153,2706,3.970478188781125,FALSE,FALSE,FALSE,FALSE,FALSE,FALSE
Zimbabwe,ZWE,2010,951,21,2.2082018927444795,FALSE,FALSE,FALSE,FALSE,FALSE,FALSE
Zimbabwe,ZWE,2011,1220,2,0.16393442622950818,FALSE,FALSE,FALSE,FALSE,FALSE,FALSE
Zimbabwe,ZWE,2012,23,1,4.3478260869565215,FALSE,FALSE,FALSE,TRUE,FALSE,FALSE
Zimbabwe,ZWE,2015,60,0,0,FALSE,FALSE,FALSE,TRUE,FALSE,FALSE
Zimbabwe,ZWE,2016,10,1,10,FALSE,FALSE,FALSE,TRUE,FALSE,FALSE
Zimbabwe,ZWE,2018,10692,65,0.607931163486719,FALSE,FALSE,FALSE,FALSE,FALSE,FALSE
Zimbabwe,ZWE,2019,61,3,4.918032786885246,FALSE,FALSE,FALSE,TRUE,FALSE,FALSE
Zimbabwe,ZWE,1974,37,0,0,FALSE,FALSE,FALSE,TRUE,FALSE,FALSE
Zimbabwe,ZWE,1975,615,33,5.365853658536586,FALSE,FALSE,FALSE,FALSE,FALSE,FALSE
Zimbabwe,ZWE,1976,144,9,6.25,FALSE,FALSE,FALSE,FALSE,FALSE,FALSE
